,name,datetime,tempmax,tempmin,temp,feelslikemax,feelslikemin,feelslike,dew,humidity,precip,precipprob,precipcover,preciptype,snow,snowdepth,windgust,windspeed,winddir,sealevelpressure,cloudcover,visibility,solarradiation,solarenergy,uvindex,severerisk,sunrise,sunset,moonphase,conditions,description,icon,stations
0,"Dortmund, Nordrhein-Westfalen, Deutschland",1986-01-01,-2.1,-6.1,-4.5,-8.5,-13.7,-11.1,-7.8,77.45,0,,0,,,,,25.9,159.2,1003.6,69.2,12.9,,,,,1986-01-01T08:36:05,1986-01-01T16:31:26,0.63,Partially cloudy,Partly cloudy throughout the day.,partly-cloudy-day,10400099999
1,"Dortmund, Nordrhein-Westfalen, Deutschland",1986-01-02,6.9,-1.9,2.9,3.6,-8.3,-2,0.3,83.27,0,,0,,,2,,33.5,168.8,990.1,96.7,19,,,,,1986-01-02T08:35:58,1986-01-02T16:32:30,0.68,Overcast,Cloudy skies throughout the day.,cloudy,10400099999
2,"Dortmund, Nordrhein-Westfalen, Deutschland",1986-01-03,5.9,-0.6,3.7,3.5,-6,0.3,2.1,89.41,0,,0,,,,,22.3,210,996.6,86.7,21.5,,,,,1986-01-03T08:35:48,1986-01-03T16:33:37,0.74,Partially cloudy,Partly cloudy throughout the day.,partly-cloudy-day,10400099999
3,"Dortmund, Nordrhein-Westfalen, Deutschland",1986-01-04,1.1,-4.4,-1,-2.8,-8.1,-5.1,-1.8,94.86,0,,0,,,6,,20.5,273.8,1011.3,75.4,6,,,,,1986-01-04T08:35:35,1986-01-04T16:34:46,0.79,Partially cloudy,Partly cloudy throughout the day.,partly-cloudy-day,10400099999
4,"Dortmund, Nordrhein-Westfalen, Deutschland",1986-01-05,2.6,0.2,1.3,-1.5,-6,-4,-1,84.98,0,,0,,,6,,27.7,177.9,1000.1,97.5,12,,,,,1986-01-05T08:35:18,1986-01-05T16:35:58,0.85,Overcast,Cloudy skies throughout the day.,cloudy,10400099999
5,"Dortmund, Nordrhein-Westfalen, Deutschland",1986-01-06,3.4,-0.1,1.8,-0.6,-3.3,-1.9,0.8,93.35,0,,0,,,,,20.5,250.4,1001.4,96.1,8.7,,,,,1986-01-06T08:34:58,1986-01-06T16:37:12,0.9,Overcast,Cloudy skies throughout the day.,cloudy,10400099999
6,"Dortmund, Nordrhein-Westfalen, Deutschland",1986-01-07,0.1,-3.1,-0.9,0.1,-7.4,-3.7,-2.6,88.9,0,,0,,,2,,13,219.6,1013.9,76.3,9,,,,,1986-01-07T08:34:35,1986-01-07T16:38:29,0.94,Partially cloudy,Partly cloudy throughout the day.,partly-cloudy-day,10400099999
7,"Dortmund, Nordrhein-Westfalen, Deutschland",1986-01-08,0.6,-4.6,-1.3,-4,-8.8,-6,-5.2,75.57,0,,0,,,1,,18.4,108.2,1013.2,67.3,27.9,,,,,1986-01-08T08:34:08,1986-01-08T16:39:48,0.98,Partially cloudy,Partly cloudy throughout the day.,partly-cloudy-day,10400099999
8,"Dortmund, Nordrhein-Westfalen, Deutschland",1986-01-09,0.2,-3.6,-1.6,-3.4,-7.6,-5.2,-4.3,81.43,0,,0,,,1,,16.6,82.1,1022.4,39.6,6.7,,,,,1986-01-09T08:33:38,1986-01-09T16:41:09,1,Partially cloudy,Partly cloudy throughout the day.,partly-cloudy-day,10400099999
9,"Dortmund, Nordrhein-Westfalen, Deutschland",1986-01-10,6.1,-3.1,0.3,2,-8.6,-5.2,-1.4,88.19,0,,0,,,1,,37.1,166.3,1024,82.9,5.8,,,,,1986-01-10T08:33:06,1986-01-10T16:42:32,1,Partially cloudy,Partly cloudy throughout the day.,partly-cloudy-day,10400099999
10,"Dortmund, Nordrhein-Westfalen, Deutschland",1986-01-11,8.2,3.9,5.7,5.2,-2,2.3,4,88.84,0,,0,,,,,37.1,245,1012.9,74.2,18.3,,,,,1986-01-11T08:32:29,1986-01-11T16:43:57,0.01,Partially cloudy,Partly cloudy throughout the day.,partly-cloudy-day,10400099999
11,"Dortmund, Nordrhein-Westfalen, Deutschland",1986-01-12,5.7,1.7,4.4,1.7,-1.3,-0.1,2,84.83,0,,0,,,,,33.5,267.5,1012.6,86.7,22.9,,,,,1986-01-12T08:31:50,1986-01-12T16:45:24,0.03,Partially cloudy,Partly cloudy throughout the day.,partly-cloudy-day,10400099999
12,"Dortmund, Nordrhein-Westfalen, Deutschland",1986-01-13,8.6,4.4,6.9,5.2,-0.6,2.9,5.3,89.29,0,,0,,,,,29.5,258.3,1010.6,99.6,16.3,,,,,1986-01-13T08:31:08,1986-01-13T16:46:53,0.06,Overcast,Cloudy skies throughout the day.,cloudy,10400099999
13,"Dortmund, Nordrhein-Westfalen, Deutschland",1986-01-14,9.2,2.7,6.4,4.9,-2,1.8,3.2,80.38,0,,0,,,,,42.5,260,1000.8,90,29.7,,,,,1986-01-14T08:30:23,1986-01-14T16:48:24,0.09,Partially cloudy,Partly cloudy throughout the day.,partly-cloudy-day,10400099999
14,"Dortmund, Nordrhein-Westfalen, Deutschland",1986-01-15,5.9,0.9,4.1,1.7,-2.9,-0.7,2.3,88.61,0,,0,,,,,50,279.1,1000.3,88.7,20.1,,,,,1986-01-15T08:29:35,1986-01-15T16:49:56,0.14,Partially cloudy,Partly cloudy throughout the day.,wind,10400099999
15,"Dortmund, Nordrhein-Westfalen, Deutschland",1986-01-16,3.9,0.2,2.1,-0.9,-3.8,-2.2,0.4,89.31,0,,0,,,,,33.5,294.6,1014.2,75.8,17.1,,,,,1986-01-16T08:28:43,1986-01-16T16:51:30,0.18,Partially cloudy,Partly cloudy throughout the day.,partly-cloudy-day,10400099999
16,"Dortmund, Nordrhein-Westfalen, Deutschland",1986-01-17,3.4,-0.4,1.2,0.4,-5.1,-2.7,-0.9,85.86,0,,0,,,,,22.3,281.8,1021.6,74.5,20.4,,,,,1986-01-17T08:27:49,1986-01-17T16:53:05,0.23,Partially cloudy,Partly cloudy throughout the day.,partly-cloudy-day,10400099999
17,"Dortmund, Nordrhein-Westfalen, Deutschland",1986-01-18,8.9,0.1,4.1,6.1,-4.5,-0.1,3,92.94,0,,0,,,,,37.1,218.8,1016.3,100,7.4,,,,,1986-01-18T08:26:53,1986-01-18T16:54:42,0.28,Overcast,Cloudy skies throughout the day.,cloudy,10400099999
18,"Dortmund, Nordrhein-Westfalen, Deutschland",1986-01-19,10.9,5.2,9.2,10.9,-1.2,7,7.8,90.81,0,,0,,,,,64.8,247.5,1005.1,100,17.1,,,,,1986-01-19T08:25:53,1986-01-19T16:56:20,0.32,Overcast,Cloudy skies throughout the day.,wind,10400099999
19,"Dortmund, Nordrhein-Westfalen, Deutschland",1986-01-20,7.9,4.9,6,4.1,0,1.6,2.3,77.37,0,,0,,,,,42.5,253.8,1015.5,72.5,36.3,,,,,1986-01-20T08:24:51,1986-01-20T16:58:00,0.37,Partially cloudy,Partly cloudy throughout the day.,partly-cloudy-day,10400099999
20,"Dortmund, Nordrhein-Westfalen, Deutschland",1986-01-21,8.7,6.1,7.3,4.5,1.8,3,2.7,72.9,0,,0,,,,,38.9,216.7,1011.4,85.4,27.5,,,,,1986-01-21T08:23:46,1986-01-21T16:59:40,0.41,Partially cloudy,Partly cloudy throughout the day.,partly-cloudy-day,10400099999
21,"Dortmund, Nordrhein-Westfalen, Deutschland",1986-01-22,7.4,4.4,6.2,3,0,1.6,2.5,77.93,0,,0,,,,,44.3,225.8,1004.2,87.1,25.8,,,,,1986-01-22T08:22:38,1986-01-22T17:01:22,0.44,Partially cloudy,Partly cloudy throughout the day.,partly-cloudy-day,10400099999
22,"Dortmund, Nordrhein-Westfalen, Deutschland",1986-01-23,8.4,2.2,6.6,5.1,-1.7,2.7,4.3,85.34,0,,0,,,,,42.5,238.3,987,86.7,22,,,,,1986-01-23T08:21:28,1986-01-23T17:03:05,0.47,Partially cloudy,Partly cloudy throughout the day.,partly-cloudy-day,10400099999
23,"Dortmund, Nordrhein-Westfalen, Deutschland",1986-01-24,3.9,1.4,2.6,0.8,-4.6,-2.3,0.9,89.02,0,,0,,,,,33.5,273.8,993.3,83.3,20.7,,,,,1986-01-24T08:20:15,1986-01-24T17:04:48,0.49,Partially cloudy,Partly cloudy throughout the day.,partly-cloudy-day,10400099999
24,"Dortmund, Nordrhein-Westfalen, Deutschland",1986-01-25,3.4,0.4,1.6,-1.8,-4.5,-3.2,0.1,89.58,0,,0,,,,,27.7,301.3,1014.4,57.5,24.4,,,,,1986-01-25T08:19:00,1986-01-25T17:06:33,0.5,Partially cloudy,Partly cloudy throughout the day.,partly-cloudy-day,10400099999
25,"Dortmund, Nordrhein-Westfalen, Deutschland",1986-01-26,3.1,-4.1,-1.1,0.7,-7.1,-3.7,-1.8,94.73,0,,0,,,,,16.6,230,1023.9,30.4,13.7,,,,,1986-01-26T08:17:42,1986-01-26T17:08:18,0.5,Partially cloudy,Partly cloudy throughout the day.,partly-cloudy-day,10400099999
26,"Dortmund, Nordrhein-Westfalen, Deutschland",1986-01-27,-0.9,-4.6,-2.3,-1.6,-9.2,-6.5,-3.5,91.98,0,,0,,,1,,24.1,194.5,1017,85,5.6,,,,,1986-01-27T08:16:22,1986-01-27T17:10:04,0.52,Partially cloudy,Partly cloudy throughout the day.,partly-cloudy-day,10400099999
27,"Dortmund, Nordrhein-Westfalen, Deutschland",1986-01-28,4.4,-2.3,1,0.5,-9,-4.4,-1.6,82.61,0,,0,,,1,,27.7,190,1009,72.1,12.5,,,,,1986-01-28T08:15:00,1986-01-28T17:11:51,0.53,Partially cloudy,Partly cloudy throughout the day.,partly-cloudy-day,10400099999
28,"Dortmund, Nordrhein-Westfalen, Deutschland",1986-01-29,4.2,0.7,2.3,0.8,-4.8,-2.6,-2.9,69.16,0,,0,,,,,29.5,143.3,1003.5,72.9,25,,,,,1986-01-29T08:13:36,1986-01-29T17:13:38,0.57,Partially cloudy,Partly cloudy throughout the day.,partly-cloudy-day,10400099999
29,"Dortmund, Nordrhein-Westfalen, Deutschland",1986-01-30,4.9,-2.1,1.4,1.3,-5.7,-1.8,-2.9,73.35,0,,0,,,,,22.3,74.5,1001.5,83.2,11.2,,,,,1986-01-30T08:12:09,1986-01-30T17:15:26,0.61,Partially cloudy,Partly cloudy throughout the day.,partly-cloudy-day,10400099999
30,"Dortmund, Nordrhein-Westfalen, Deutschland",1986-01-31,3.6,1.1,2.3,-1.7,-4.3,-3,-1,78.89,0,,0,,,,,35.3,62.9,1002.3,52.1,8,,,,,1986-01-31T08:10:40,1986-01-31T17:17:14,0.66,Partially cloudy,Becoming cloudy in the afternoon.,partly-cloudy-day,10400099999
31,"Dortmund, Nordrhein-Westfalen, Deutschland",1986-02-01,5.2,1.9,3.3,0.8,-4.2,-2,0.5,81.95,0,,0,,,,,37.1,62.1,998.2,90,6.4,,,,,1986-02-01T08:09:10,1986-02-01T17:19:03,0.72,Partially cloudy,Partly cloudy throughout the day.,partly-cloudy-day,10400099999
32,"Dortmund, Nordrhein-Westfalen, Deutschland",1986-02-02,5.1,0.6,2,1.9,-4,-1.6,0.3,88.47,0,,0,,,,,22.3,64.6,1006.5,73.8,6.6,,,,,1986-02-02T08:07:37,1986-02-02T17:20:52,0.77,Partially cloudy,Partly cloudy throughout the day.,partly-cloudy-day,10400099999
33,"Dortmund, Nordrhein-Westfalen, Deutschland",1986-02-03,1.2,0.2,0.5,-4.1,-5.8,-4.9,-1.5,86.06,0,,0,,,,,27.7,67.1,1012.5,95.8,5.6,,,,,1986-02-03T08:06:02,1986-02-03T17:22:41,0.83,Overcast,Cloudy skies throughout the day.,cloudy,10400099999
34,"Dortmund, Nordrhein-Westfalen, Deutschland",1986-02-04,0.9,-2.4,-0.6,-4.5,-8.4,-6,-4.6,74.62,0,,0,,,,,24.1,63.5,1017,83.5,7,,,,,1986-02-04T08:04:25,1986-02-04T17:24:30,0.88,Partially cloudy,Partly cloudy throughout the day.,partly-cloudy-day,10400099999
35,"Dortmund, Nordrhein-Westfalen, Deutschland",1986-02-05,-1.8,-6.3,-3.8,-4.7,-9.8,-7.6,-6.5,81.53,0,,0,,,,,22.3,53.5,1012.4,58.7,4,,,,,1986-02-05T08:02:47,1986-02-05T17:26:20,0.93,Partially cloudy,Partly cloudy throughout the day.,partly-cloudy-day,10400099999
36,"Dortmund, Nordrhein-Westfalen, Deutschland",1986-02-06,-2.4,-4.8,-3.6,-5.7,-10.3,-8.1,-5.7,85.76,0,,0,,,5,,16.6,62.9,1015,89.6,3.3,,,,,1986-02-06T08:01:06,1986-02-06T17:28:10,0.96,Partially cloudy,Partly cloudy throughout the day.,partly-cloudy-day,10400099999
37,"Dortmund, Nordrhein-Westfalen, Deutschland",1986-02-07,-1.8,-9.6,-4.7,-6.6,-12.8,-9.1,-9.1,72.56,0,,0,,,4,,24.1,62.9,1020.1,35.4,11.4,,,,,1986-02-07T07:59:24,1986-02-07T17:30:00,0.99,Partially cloudy,Partly cloudy throughout the day.,partly-cloudy-day,10400099999
38,"Dortmund, Nordrhein-Westfalen, Deutschland",1986-02-08,-4.1,-9.8,-6.4,-7.4,-15.6,-10.6,-9.2,80.78,0,,0,,,4,,20.5,112.9,1017.7,64.3,7.8,,,,,1986-02-08T07:57:40,1986-02-08T17:31:50,1,Partially cloudy,Partly cloudy throughout the day.,partly-cloudy-day,10400099999
39,"Dortmund, Nordrhein-Westfalen, Deutschland",1986-02-09,-8.8,-15.1,-11.8,-11.6,-23.5,-18.4,-15.3,75.53,0,,0,,,5,,27.7,103.5,1024,18.3,4.7,,,,,1986-02-09T07:55:55,1986-02-09T17:33:40,0,Clear,Clear conditions throughout the day.,clear-day,10400099999
40,"Dortmund, Nordrhein-Westfalen, Deutschland",1986-02-10,-0.8,-8.1,-3.5,-5.4,-14.4,-9.1,-5.3,87.27,0,,0,,,5,,25.9,79.6,1026.7,97.9,4.4,,,,,1986-02-10T07:54:08,1986-02-10T17:35:31,0.01,Overcast,Cloudy skies throughout the day.,cloudy,10400099999
41,"Dortmund, Nordrhein-Westfalen, Deutschland",1986-02-11,0.4,-1.6,-0.8,-3.6,-7,-5.4,-4.1,78.58,0,,0,,,4,,22.3,45.4,1032.4,59.6,8.3,,,,,1986-02-11T07:52:19,1986-02-11T17:37:21,0.03,Partially cloudy,Clearing in the afternoon.,partly-cloudy-day,10400099999
42,"Dortmund, Nordrhein-Westfalen, Deutschland",1986-02-12,1.2,-7.3,-3,-2.2,-11.3,-6.6,-7.6,72.09,0,,0,,,3,,16.6,60.4,1034.1,0.8,9.3,,,,,1986-02-12T07:50:29,1986-02-12T17:39:11,0.06,Clear,Clear conditions throughout the day.,clear-day,10400099999
43,"Dortmund, Nordrhein-Westfalen, Deutschland",1986-02-13,1.2,-10.4,-4.8,-3.4,-14.2,-8.8,-11.6,61.66,0,,0,,,3,,24.1,58.3,1026.6,6.7,10.3,,,,,1986-02-13T07:48:37,1986-02-13T17:41:01,0.1,Clear,Clear conditions throughout the day.,clear-day,10400099999
44,"Dortmund, Nordrhein-Westfalen, Deutschland",1986-02-14,-0.3,-6.1,-3.5,-5.5,-11.2,-8.9,-8.6,68.04,0,,0,,,2,,22.3,86.3,1015,47.1,8.9,,,,,1986-02-14T07:46:44,1986-02-14T17:42:51,0.14,Partially cloudy,Partly cloudy throughout the day.,partly-cloudy-day,10400099999
45,"Dortmund, Nordrhein-Westfalen, Deutschland",1986-02-15,1.2,-7.6,-3.6,-3.5,-12.8,-7.5,-6.7,79.37,0,,0,,,2,,18.4,64.2,1012,32.5,4.3,,,,,1986-02-15T07:44:50,1986-02-15T17:44:40,0.19,Partially cloudy,Partly cloudy throughout the day.,partly-cloudy-day,10400099999
46,"Dortmund, Nordrhein-Westfalen, Deutschland",1986-02-16,1.7,-7.8,-3.2,-2.9,-10.1,-5.9,-6,81.49,0,,0,,,2,,22.3,64.1,1011,0,4.3,,,,,1986-02-16T07:42:54,1986-02-16T17:46:30,0.24,Clear,Clear conditions throughout the day.,clear-day,10400099999
47,"Dortmund, Nordrhein-Westfalen, Deutschland",1986-02-17,1.1,-5.1,-1.9,-4.6,-11.1,-7.7,-6.1,73.53,0,,0,,,2,,29.5,62.5,1004.6,22.5,8.3,,,,,1986-02-17T07:40:57,1986-02-17T17:48:19,0.28,Partially cloudy,Partly cloudy throughout the day.,partly-cloudy-day,10400099999
48,"Dortmund, Nordrhein-Westfalen, Deutschland",1986-02-18,-1.9,-6.3,-4,-4.8,-10.8,-8,-6.8,81.6,0,,0,,,1,,20.5,54.6,1004.9,62.1,7.5,,,,,1986-02-18T07:38:59,1986-02-18T17:50:08,0.33,Partially cloudy,Partly cloudy throughout the day.,partly-cloudy-day,10400099999
49,"Dortmund, Nordrhein-Westfalen, Deutschland",1986-02-19,-1.6,-8.3,-5.5,-6.7,-13,-9.9,-7.1,88.52,0,,0,,,1,,22.3,144.3,1012.2,63.8,5.3,,,,,1986-02-19T07:37:00,1986-02-19T17:51:57,0.37,Partially cloudy,Partly cloudy throughout the day.,partly-cloudy-day,10400099999
50,"Dortmund, Nordrhein-Westfalen, Deutschland",1986-02-20,-3.4,-10.6,-6.5,-5.6,-12.2,-8.9,-8.2,87.81,0,,0,,,2,,14.8,172.5,1017.6,65.4,7.8,,,,,1986-02-20T07:35:00,1986-02-20T17:53:46,0.41,Partially cloudy,Partly cloudy throughout the day.,partly-cloudy-day,10400099999
51,"Dortmund, Nordrhein-Westfalen, Deutschland",1986-02-21,-3.8,-13.9,-9.3,-5.8,-17.7,-11.1,-12.2,81.19,0,,0,,,4,,13,113.9,1013.7,19.1,9,,,,,1986-02-21T07:32:58,1986-02-21T17:55:35,0.45,Clear,Clear conditions throughout the day.,clear-day,10400099999
52,"Dortmund, Nordrhein-Westfalen, Deutschland",1986-02-22,-3.3,-14.3,-7.5,-5.6,-15.6,-10.2,-11.3,75.78,0,,0,,,4,,11.2,162.5,1014.6,54.3,8,,,,,1986-02-22T07:30:55,1986-02-22T17:57:23,0.47,Partially cloudy,Partly cloudy throughout the day.,partly-cloudy-day,10400099999
53,"Dortmund, Nordrhein-Westfalen, Deutschland",1986-02-23,-2.8,-8.8,-5.5,-7.4,-14,-11,-12.1,60.76,0,,0,,,4,,29.5,72.9,1014.9,55,12.9,,,,,1986-02-23T07:28:52,1986-02-23T17:59:11,0.49,Partially cloudy,Partly cloudy throughout the day.,partly-cloudy-day,10400099999
54,"Dortmund, Nordrhein-Westfalen, Deutschland",1986-02-24,-1.8,-14.8,-8.1,-1.8,-18.8,-11.3,-10.9,81.43,0,,0,,,3,,18.4,243.8,1019.1,40.8,6.8,,,,,1986-02-24T07:26:47,1986-02-24T18:00:59,0.5,Partially cloudy,Partly cloudy throughout the day.,partly-cloudy-day,10400099999
55,"Dortmund, Nordrhein-Westfalen, Deutschland",1986-02-25,-1.8,-7.8,-4.8,-7,-13.6,-10.3,-9.2,72.24,0,,0,,,3,,22.3,72.5,1025.1,33.3,13.4,,,,,1986-02-25T07:24:42,1986-02-25T18:02:46,0.51,Partially cloudy,Partly cloudy throughout the day.,partly-cloudy-day,10400099999
56,"Dortmund, Nordrhein-Westfalen, Deutschland",1986-02-26,-1.6,-10.8,-6.7,-7.6,-16.5,-12.6,-11.7,68.77,0,,0,,,2,,22.3,66.3,1033.1,0,17.3,,,,,1986-02-26T07:22:35,1986-02-26T18:04:33,0.53,Clear,Clear conditions throughout the day.,clear-day,10400099999
57,"Dortmund, Nordrhein-Westfalen, Deutschland",1986-02-27,0.2,-11.9,-6.4,-5.2,-19.1,-11.9,-12.8,62.41,0,,0,,,1,,24.1,67.5,1031.8,7.1,13.3,,,,,1986-02-27T07:20:28,1986-02-27T18:06:20,0.55,Clear,Clear conditions throughout the day.,clear-day,10400099999
58,"Dortmund, Nordrhein-Westfalen, Deutschland",1986-02-28,2.4,-9.3,-3.7,-2,-15.4,-9.1,-12.8,50.32,0,,0,,,1,,24.1,65,1025.3,69.6,10.3,,,,,1986-02-28T07:18:20,1986-02-28T18:08:07,0.59,Partially cloudy,Partly cloudy throughout the day.,partly-cloudy-day,10400099999
59,"Dortmund, Nordrhein-Westfalen, Deutschland",1986-03-01,1.4,-2.4,-0.6,-2.3,-7,-4.9,-9.7,50.29,0,,0,,,1,,20.5,66.5,1015.1,98.3,10.8,,,,,1986-03-01T07:16:11,1986-03-01T18:09:53,0.64,Overcast,Cloudy skies throughout the day.,cloudy,10400099999
60,"Dortmund, Nordrhein-Westfalen, Deutschland",1986-03-02,0.9,-3.6,-1.3,-3.6,-9.6,-6.2,-7.2,63.99,0,,0,,,1,,24.1,48.3,1015,33.8,6.6,,,,,1986-03-02T07:14:01,1986-03-02T18:11:39,0.7,Partially cloudy,Clearing in the afternoon.,partly-cloudy-day,10400099999
61,"Dortmund, Nordrhein-Westfalen, Deutschland",1986-03-03,2.7,-5.1,-0.8,2.7,-8.7,-3.6,-5.5,71.33,0,,0,,,,,18.4,95.8,1017,46.3,6.2,,,,,1986-03-03T07:11:51,1986-03-03T18:13:24,0.75,Partially cloudy,Partly cloudy throughout the day.,partly-cloudy-day,10400099999
62,"Dortmund, Nordrhein-Westfalen, Deutschland",1986-03-04,2.2,-2.6,-0.3,-2.1,-7.6,-4.9,-2.6,84.49,0,,0,,,,,33.5,211.3,1012.4,88.8,2.8,,,,,1986-03-04T07:09:40,1986-03-04T18:15:10,0.81,Partially cloudy,Partly cloudy throughout the day.,partly-cloudy-day,10400099999
63,"Dortmund, Nordrhein-Westfalen, Deutschland",1986-03-05,8.4,2.7,6.3,4.7,-1.7,2.5,5,91.63,0,,0,,,,,31.3,197.9,1005.6,100,9.2,,,,,1986-03-05T07:07:29,1986-03-05T18:16:55,0.86,Overcast,Cloudy skies throughout the day.,cloudy,10400099999
64,"Dortmund, Nordrhein-Westfalen, Deutschland",1986-03-06,7.2,1.9,6.1,5.7,1.9,4.1,5.2,93.61,0,,0,,,,,18.4,223.5,1007.6,97,8.3,,,,,1986-03-06T07:05:17,1986-03-06T18:18:40,0.91,Overcast,Cloudy skies throughout the day.,cloudy,10400099999
65,"Dortmund, Nordrhein-Westfalen, Deutschland",1986-03-07,6.4,1.9,3.6,4.9,-1.1,1.3,2,89.29,0,,0,,,,,14.8,242.1,1020.3,79.2,8.5,,,,,1986-03-07T07:03:04,1986-03-07T18:20:24,0.95,Partially cloudy,Partly cloudy throughout the day.,partly-cloudy-day,10400099999
66,"Dortmund, Nordrhein-Westfalen, Deutschland",1986-03-08,7.6,-2.6,3,6.1,-3.5,1.9,0.2,83.48,0,,0,,,,,14.8,101.9,1025.9,47.3,5.6,,,,,1986-03-08T07:00:51,1986-03-08T18:22:09,0.98,Partially cloudy,Partly cloudy throughout the day.,partly-cloudy-day,10400099999
67,"Dortmund, Nordrhein-Westfalen, Deutschland",1986-03-09,8.1,-0.1,3.5,6.9,-1.9,2.6,-0.5,76.61,0,,0,,,,,11.2,160,1020.5,55.8,8.6,,,,,1986-03-09T06:58:37,1986-03-09T18:23:53,1,Partially cloudy,Partly cloudy throughout the day.,partly-cloudy-day,10400099999
68,"Dortmund, Nordrhein-Westfalen, Deutschland",1986-03-10,9.7,-0.1,3.9,8.3,-2.8,1.8,-0.6,74.04,0,,0,,,,,16.6,170,1022.1,3.3,7.3,,,,,1986-03-10T06:56:23,1986-03-10T18:25:37,1,Clear,Clear conditions throughout the day.,clear-day,10400099999
69,"Dortmund, Nordrhein-Westfalen, Deutschland",1986-03-11,6.4,-1.3,3.4,6.2,-2.5,2.5,0.4,81.48,0,,0,,,,,11.2,100,1022.4,87.1,6.4,,,,,1986-03-11T06:54:08,1986-03-11T18:27:20,0,Partially cloudy,Partly cloudy throughout the day.,partly-cloudy-day,10400099999
70,"Dortmund, Nordrhein-Westfalen, Deutschland",1986-03-12,7.9,3.1,5.1,7.7,1.6,4.1,1.6,79.15,0,,0,,,,,14.8,84,1020.5,92.6,4.5,,,,,1986-03-12T06:51:53,1986-03-12T18:29:04,0.02,Overcast,Cloudy skies throughout the day.,cloudy,10400099999
71,"Dortmund, Nordrhein-Westfalen, Deutschland",1986-03-13,5.2,2.7,4,4.2,-0.2,2,-0.4,73.23,0,,0,,,,,14.8,98.3,1018.8,98.7,4.3,,,,,1986-03-13T06:49:38,1986-03-13T18:30:47,0.04,Overcast,Cloudy skies throughout the day.,cloudy,10400099999
72,"Dortmund, Nordrhein-Westfalen, Deutschland",1986-03-14,6.2,-0.3,3.9,6.2,-2.2,3.2,0,76.21,0,,0,,,,,7.6,200,1028.1,84.2,4.4,,,,,1986-03-14T06:47:22,1986-03-14T18:32:29,0.07,Partially cloudy,Partly cloudy throughout the day.,partly-cloudy-day,10400099999
73,"Dortmund, Nordrhein-Westfalen, Deutschland",1986-03-15,11.1,-1.8,4,11.1,-5.3,2.7,0.9,81.54,0,,0,,,,,14.8,116.3,1029.9,51.3,5.9,,,,,1986-03-15T06:45:06,1986-03-15T18:34:12,0.11,Partially cloudy,Partly cloudy throughout the day.,partly-cloudy-day,10400099999
74,"Dortmund, Nordrhein-Westfalen, Deutschland",1986-03-16,11.9,-0.6,6,11.9,-2.7,5,1.3,74.7,0,,0,,,,,18.4,100,1021.8,48.8,5.6,,,,,1986-03-16T06:42:50,1986-03-16T18:35:55,0.14,Partially cloudy,Partly cloudy throughout the day.,partly-cloudy-day,10400099999
75,"Dortmund, Nordrhein-Westfalen, Deutschland",1986-03-17,14.7,4.9,8.6,14.7,1.6,7.1,2.6,67.22,0,,0,,,,,18.4,171.7,1022.2,50.4,5.7,,,,,1986-03-17T06:40:34,1986-03-17T18:37:37,0.19,Partially cloudy,Partly cloudy throughout the day.,partly-cloudy-day,10400099999
76,"Dortmund, Nordrhein-Westfalen, Deutschland",1986-03-18,17.2,8.6,12,17.2,5.7,11,2.6,53.68,0,,0,,,,,20.5,148.8,1019.5,34.2,9.1,,,,,1986-03-18T06:38:17,1986-03-18T18:39:19,0.24,Partially cloudy,Partly cloudy throughout the day.,partly-cloudy-day,10400099999
77,"Dortmund, Nordrhein-Westfalen, Deutschland",1986-03-19,16.7,8.2,11.8,16.7,5.7,10.9,0.5,47.24,0,,0,,,,,22.3,165.4,1018.5,28.8,11.1,,,,,1986-03-19T06:36:00,1986-03-19T18:41:01,0.28,Partially cloudy,Partly cloudy throughout the day.,partly-cloudy-day,10400099999
78,"Dortmund, Nordrhein-Westfalen, Deutschland",1986-03-20,12.4,6.2,9,12.4,2.1,7.3,5.3,78.4,0,,0,,,,,37.1,208.7,1019.2,97.4,9.7,,,,,1986-03-20T06:33:43,1986-03-20T18:42:43,0.34,Overcast,Cloudy skies throughout the day.,cloudy,10400099999
79,"Dortmund, Nordrhein-Westfalen, Deutschland",1986-03-21,7.9,2.9,5.5,5.3,-1.7,2.6,2.2,80.23,0,,0,,,,,22.3,278.7,1023.1,73.9,11.4,,,,,1986-03-21T06:31:26,1986-03-21T18:44:24,0.38,Partially cloudy,Partly cloudy throughout the day.,partly-cloudy-day,10400099999
80,"Dortmund, Nordrhein-Westfalen, Deutschland",1986-03-22,10.2,3.9,6.6,10.2,0.1,3.9,2.7,77.2,0,,0,,,,,31.3,195.4,1023.5,91.7,14.5,,,,,1986-03-22T06:29:09,1986-03-22T18:46:06,0.42,Overcast,Cloudy skies throughout the day.,cloudy,10400099999
81,"Dortmund, Nordrhein-Westfalen, Deutschland",1986-03-23,9.9,4.4,7.2,5.8,0.6,3.1,3.2,76.18,0,,0,,,,,42.5,248.3,1006.1,82.1,29.4,,,,,1986-03-23T06:26:52,1986-03-23T18:47:47,0.46,Partially cloudy,Partly cloudy throughout the day.,partly-cloudy-day,10400099999
82,"Dortmund, Nordrhein-Westfalen, Deutschland",1986-03-24,9.6,2.2,5.6,5.6,-4.7,0.8,2.4,80.41,0,,0,,,,,50,206.7,988.6,80,23.2,,,,,1986-03-24T06:24:35,1986-03-24T18:49:28,0.48,Partially cloudy,Partly cloudy throughout the day.,wind,10400099999
83,"Dortmund, Nordrhein-Westfalen, Deutschland",1986-03-25,10.2,2.4,5.4,10.2,-3.3,0.8,-0.5,66.87,0,,0,,,,,46.4,242.5,992.9,65.8,28.1,,,,,1986-03-25T06:22:18,1986-03-25T18:51:09,0.5,Partially cloudy,Partly cloudy throughout the day.,partly-cloudy-day,10400099999
84,"Dortmund, Nordrhein-Westfalen, Deutschland",1986-03-26,9.7,3.9,5.4,5.9,-0.8,1.6,2.6,82.3,0,,0,,,,,33.5,223,1004.2,79.1,18.9,,,,,1986-03-26T06:20:01,1986-03-26T18:52:50,0.5,Partially cloudy,Partly cloudy throughout the day.,partly-cloudy-day,10400099999
85,"Dortmund, Nordrhein-Westfalen, Deutschland",1986-03-27,14.1,4.7,9.1,14.1,0.5,7.1,6.7,85.32,0,,0,,,,,42.5,201.7,1007,96.7,21.4,,,,,1986-03-27T06:17:44,1986-03-27T18:54:31,0.52,Overcast,Cloudy skies throughout the day.,cloudy,10400099999
86,"Dortmund, Nordrhein-Westfalen, Deutschland",1986-03-28,13.4,8.7,10.7,13.4,5,9.6,4.6,68.99,0,,0,,,,,53.6,223.3,1009.1,70.8,35,,,,,1986-03-28T06:15:27,1986-03-28T18:56:12,0.54,Partially cloudy,Partly cloudy throughout the day.,wind,10400099999
87,"Dortmund, Nordrhein-Westfalen, Deutschland",1986-03-29,10.9,6.7,8.5,10.9,2.1,5.7,3.2,70.02,0,,0,,,,,38.9,210,1007.8,71.3,37,,,,,1986-03-29T06:13:10,1986-03-29T18:57:53,0.58,Partially cloudy,Partly cloudy throughout the day.,partly-cloudy-day,10400099999
88,"Dortmund, Nordrhein-Westfalen, Deutschland",1986-03-30,7.9,2.7,5.1,3.6,-3.3,0.3,2,81.7,0,,0,,,,,38.9,212.2,1004.3,91.3,25.2,,,,,1986-03-30T07:10:53,1986-03-30T19:59:33,0.63,Overcast,Cloudy skies throughout the day.,cloudy,10400099999
89,"Dortmund, Nordrhein-Westfalen, Deutschland",1986-03-31,11.4,1.7,7,11.4,-4.3,4,4.6,84.5,0,,0,,,,,37.1,241.7,997.6,88.3,20.1,,,,,1986-03-31T07:08:37,1986-03-31T20:01:14,0.68,Partially cloudy,Partly cloudy throughout the day.,partly-cloudy-day,10400099999
90,"Dortmund, Nordrhein-Westfalen, Deutschland",1986-04-01,11.2,3.2,6.4,11.2,-1.5,2.7,2.2,75.66,0,,0,,,,,46.4,253.3,1010.6,54.6,24.6,,,,,1986-04-01T07:06:21,1986-04-01T20:02:55,0.74,Partially cloudy,Partly cloudy throughout the day.,partly-cloudy-day,10400099999
91,"Dortmund, Nordrhein-Westfalen, Deutschland",1986-04-02,11.9,2.6,6.6,11.9,-0.5,5.2,0.5,68.15,0,,0,,,,,20.5,223.5,1014.9,45.7,29.2,,,,,1986-04-02T07:04:05,1986-04-02T20:04:35,0.79,Partially cloudy,Partly cloudy throughout the day.,partly-cloudy-day,10400099999
92,"Dortmund, Nordrhein-Westfalen, Deutschland",1986-04-03,7.7,1.7,5.3,4.2,-2.6,2.1,1.7,78.22,0,,0,,,,,31.3,194.6,1009.4,98.8,8.9,,,,,1986-04-03T07:01:49,1986-04-03T20:06:16,0.85,Overcast,Cloudy skies throughout the day.,cloudy,10400099999
93,"Dortmund, Nordrhein-Westfalen, Deutschland",1986-04-04,6.7,1.2,3.7,4.4,-2.4,0.9,0.7,82.38,0,,0,,,,,20.5,190.4,1016.9,87.5,12.8,,,,,1986-04-04T06:59:34,1986-04-04T20:07:56,0.89,Partially cloudy,Partly cloudy throughout the day.,partly-cloudy-day,10400099999
94,"Dortmund, Nordrhein-Westfalen, Deutschland",1986-04-05,6.9,1.9,3.7,4.7,-2.6,0.6,1.8,87.82,0,,0,,,,,20.5,292.1,1020.5,94.6,6.8,,,,,1986-04-05T06:57:19,1986-04-05T20:09:37,0.93,Overcast,Cloudy skies throughout the day.,cloudy,10400099999
95,"Dortmund, Nordrhein-Westfalen, Deutschland",1986-04-06,7.4,-0.4,3.7,3.8,-3.1,1.4,0.5,81.5,0,,0,,,,,27.7,69.1,1020.3,72.1,8.2,,,,,1986-04-06T06:55:04,1986-04-06T20:11:17,0.97,Partially cloudy,Partly cloudy throughout the day.,partly-cloudy-day,10400099999
96,"Dortmund, Nordrhein-Westfalen, Deutschland",1986-04-07,12.1,2.9,7,12.1,-2.1,4.1,4.2,83.03,0,,0,,,,,25.9,58.8,1012.8,86.7,5,,,,,1986-04-07T06:52:50,1986-04-07T20:12:57,0.99,Partially cloudy,Partly cloudy throughout the day.,partly-cloudy-day,10400099999
97,"Dortmund, Nordrhein-Westfalen, Deutschland",1986-04-08,7.9,5.7,7.1,6.4,2.1,4.6,5.6,89.82,0,,0,,,,,22.3,44.6,1014.4,97.9,3.8,,,,,1986-04-08T06:50:36,1986-04-08T20:14:38,1,Overcast,Cloudy skies throughout the day.,cloudy,10400099999
98,"Dortmund, Nordrhein-Westfalen, Deutschland",1986-04-09,5.4,3.7,4.3,2.2,-1.5,0,2.9,91.06,0,,0,,,,,31.3,38.8,1009,100,4.7,,,,,1986-04-09T06:48:23,1986-04-09T20:16:18,0,Overcast,Cloudy skies throughout the day.,cloudy,10400099999
99,"Dortmund, Nordrhein-Westfalen, Deutschland",1986-04-10,7.1,1.4,4.1,3.4,-3.7,-0.7,-1.4,68.81,0,,0,,,,,38.9,29.6,1011.2,91.7,17.9,,,,,1986-04-10T06:46:10,1986-04-10T20:17:59,0.01,Overcast,Cloudy skies throughout the day.,cloudy,10400099999
100,"Dortmund, Nordrhein-Westfalen, Deutschland",1986-04-11,2.2,-2.1,0,-0.1,-7.7,-4.3,-6.3,63.58,0,,0,,,,,25.9,72.6,1022.7,68.3,24.2,,,,,1986-04-11T06:43:58,1986-04-11T20:19:39,0.02,Partially cloudy,Partly cloudy throughout the day.,partly-cloudy-day,10400099999
101,"Dortmund, Nordrhein-Westfalen, Deutschland",1986-04-12,4.7,-5.3,-0.3,3.9,-5.7,-1.4,-7.4,62.19,0,,0,,,,,13,170.6,1016,23.8,25.9,,,,,1986-04-12T06:41:47,1986-04-12T20:21:19,0.05,Partially cloudy,Partly cloudy throughout the day.,partly-cloudy-day,10400099999
102,"Dortmund, Nordrhein-Westfalen, Deutschland",1986-04-13,7.6,-2.3,2.4,5.4,-5.3,0.2,-4.5,61.35,0,,0,,,,,16.6,200.8,1010.2,26.3,13.7,,,,,1986-04-13T06:39:36,1986-04-13T20:23:00,0.08,Partially cloudy,Partly cloudy throughout the day.,partly-cloudy-day,10400099999
103,"Dortmund, Nordrhein-Westfalen, Deutschland",1986-04-14,8.2,2.2,4.8,5.7,-2.3,1.6,2.4,84.54,0,,0,,,,,29.5,183.5,1002.4,93.9,11.9,,,,,1986-04-14T06:37:25,1986-04-14T20:24:40,0.12,Overcast,Cloudy skies throughout the day.,cloudy,10400099999
104,"Dortmund, Nordrhein-Westfalen, Deutschland",1986-04-15,14.1,6.2,8.8,14.1,3,6.9,5.2,78.96,0,,0,,,,,27.7,167.7,999.2,82.2,17.9,,,,,1986-04-15T06:35:16,1986-04-15T20:26:20,0.16,Partially cloudy,Partly cloudy throughout the day.,partly-cloudy-day,10400099999
105,"Dortmund, Nordrhein-Westfalen, Deutschland",1986-04-16,13.6,7.9,10.4,13.6,4.4,9,4.5,67.63,0,,0,,,,,42.5,194.2,1001.7,75.8,29.4,,,,,1986-04-16T06:33:07,1986-04-16T20:28:00,0.2,Partially cloudy,Partly cloudy throughout the day.,partly-cloudy-day,10400099999
106,"Dortmund, Nordrhein-Westfalen, Deutschland",1986-04-17,14.2,8.1,10.2,14.2,5.2,9.2,4,66.3,0,,0,,,,,25.9,196.3,1002.9,66.7,29.9,,,,,1986-04-17T06:30:58,1986-04-17T20:29:41,0.25,Partially cloudy,Partly cloudy throughout the day.,partly-cloudy-day,10400099999
107,"Dortmund, Nordrhein-Westfalen, Deutschland",1986-04-18,9.7,4.7,6.5,8.7,2.4,5.1,3.9,84,0,,0,,,,,18.4,200.4,1004.1,56.3,20.5,,,,,1986-04-18T06:28:51,1986-04-18T20:31:21,0.3,Partially cloudy,Partly cloudy throughout the day.,partly-cloudy-day,10400099999
108,"Dortmund, Nordrhein-Westfalen, Deutschland",1986-04-19,8.7,4.2,6.1,6.6,1.1,3.9,3.6,84.57,0,,0,,,,,22.3,280,1006.5,86.5,10.2,,,,,1986-04-19T06:26:44,1986-04-19T20:33:01,0.35,Partially cloudy,Partly cloudy throughout the day.,partly-cloudy-day,10400099999
109,"Dortmund, Nordrhein-Westfalen, Deutschland",1986-04-20,10.7,3.7,6.7,10.7,1,3.9,3.6,81.41,0,,0,,,,,29.5,221.7,1007.4,94.3,12.3,,,,,1986-04-20T06:24:38,1986-04-20T20:34:41,0.4,Overcast,Cloudy skies throughout the day.,cloudy,10400099999
110,"Dortmund, Nordrhein-Westfalen, Deutschland",1986-04-21,13.4,5.2,9,13.4,1.2,7.1,5.4,79.48,0,,0,,,,,33.5,202.9,1001.7,76.7,23.1,,,,,1986-04-21T06:22:34,1986-04-21T20:36:21,0.44,Partially cloudy,Partly cloudy throughout the day.,partly-cloudy-day,10400099999
111,"Dortmund, Nordrhein-Westfalen, Deutschland",1986-04-22,15.4,7.9,10.4,15.4,4.1,8.6,2.9,62.35,0,,0,,,,,31.3,206.3,1003.7,69.2,40.4,,,,,1986-04-22T06:20:30,1986-04-22T20:38:01,0.47,Partially cloudy,Partly cloudy throughout the day.,partly-cloudy-day,10400099999
112,"Dortmund, Nordrhein-Westfalen, Deutschland",1986-04-23,14.4,6.1,10.3,14.4,3,8.9,3.2,62.85,0,,0,,,,,25.9,166.7,1009.4,66.3,30,,,,,1986-04-23T06:18:27,1986-04-23T20:39:41,0.49,Partially cloudy,Partly cloudy throughout the day.,partly-cloudy-day,10400099999
113,"Dortmund, Nordrhein-Westfalen, Deutschland",1986-04-24,15.9,9.1,11.9,15.9,6.5,11.4,6,67.65,0,,0,,,,,24.1,176.1,1013.2,69.2,27.4,,,,,1986-04-24T06:16:25,1986-04-24T20:41:21,0.5,Partially cloudy,Partly cloudy throughout the day.,partly-cloudy-day,10400099999
114,"Dortmund, Nordrhein-Westfalen, Deutschland",1986-04-25,12.9,6.7,9.7,12.9,6.7,9.4,7.6,87.26,0,,0,,,,,14.8,140,1016.8,87.1,12.3,,,,,1986-04-25T06:14:24,1986-04-25T20:43:00,0.51,Partially cloudy,Partly cloudy throughout the day.,partly-cloudy-day,10400099999
115,"Dortmund, Nordrhein-Westfalen, Deutschland",1986-04-26,13.6,8.7,10.4,13.6,7.4,10.1,9,90.86,0,,0,,,,,18.4,56.7,1010.1,88.8,4.2,,,,,1986-04-26T06:12:24,1986-04-26T20:44:40,0.53,Partially cloudy,Partly cloudy throughout the day.,partly-cloudy-day,10400099999
116,"Dortmund, Nordrhein-Westfalen, Deutschland",1986-04-27,14.4,9.1,11.7,14.4,7.3,11.4,7.6,77.48,0,,0,,,,,27.7,175,1007.9,75,25.8,,,,,1986-04-27T06:10:25,1986-04-27T20:46:19,0.56,Partially cloudy,Partly cloudy throughout the day.,partly-cloudy-day,10400099999
117,"Dortmund, Nordrhein-Westfalen, Deutschland",1986-04-28,15.1,6.2,11,15.1,6.2,10.7,7,77.49,0,,0,,,,,16.6,274.6,1013.9,77.9,8.3,,,,,1986-04-28T06:08:28,1986-04-28T20:47:58,0.61,Partially cloudy,Partly cloudy throughout the day.,partly-cloudy-day,10400099999
118,"Dortmund, Nordrhein-Westfalen, Deutschland",1986-04-29,14.9,8.7,11.5,14.9,7.4,11.2,8.5,82.38,0,,0,,,,,24.1,333.8,1017.8,88.3,3.2,,,,,1986-04-29T06:06:31,1986-04-29T20:49:37,0.66,Partially cloudy,Partly cloudy throughout the day.,partly-cloudy-day,10400099999
119,"Dortmund, Nordrhein-Westfalen, Deutschland",1986-04-30,15.7,8.4,11.5,15.7,5.9,10.8,6.2,72.78,0,,0,,,,,20.5,266.7,1026,62.1,12.5,,,,,1986-04-30T06:04:36,1986-04-30T20:51:16,0.72,Partially cloudy,Partly cloudy throughout the day.,partly-cloudy-day,10400099999
120,"Dortmund, Nordrhein-Westfalen, Deutschland",1986-05-01,20.7,3.9,12.8,20.7,2.6,12.7,6.7,68.9,0,,0,,,,,20.5,97,1024.7,22.1,12.5,,,,,1986-05-01T06:02:42,1986-05-01T20:52:54,0.77,Partially cloudy,Partly cloudy throughout the day.,partly-cloudy-day,10400099999
121,"Dortmund, Nordrhein-Westfalen, Deutschland",1986-05-02,25.7,9.6,18.7,25.7,8.2,18.7,8.3,54.72,0,,0,,,,,33.5,134.2,1013.4,2.9,16.6,,,,,1986-05-02T06:00:50,1986-05-02T20:54:32,0.83,Clear,Clear conditions throughout the day.,clear-day,10400099999
122,"Dortmund, Nordrhein-Westfalen, Deutschland",1986-05-03,25.9,15.4,20.2,25.9,15.4,20.3,8.4,48.19,0,,0,,,,,22.3,180.4,1008.8,26.7,25,,,,,1986-05-03T05:58:59,1986-05-03T20:56:10,0.87,Partially cloudy,Becoming cloudy in the afternoon.,partly-cloudy-day,10400099999
123,"Dortmund, Nordrhein-Westfalen, Deutschland",1986-05-04,16.9,9.7,13.4,16.9,8.3,13.4,9.6,78.58,0,,0,,,,,20.5,209.6,1012.1,70.8,12.3,,,,,1986-05-04T05:57:09,1986-05-04T20:57:47,0.92,Partially cloudy,Partly cloudy throughout the day.,partly-cloudy-day,10400099999
124,"Dortmund, Nordrhein-Westfalen, Deutschland",1986-05-05,23.1,11.1,17,23.1,11.1,17.1,10.9,69.65,0,,0,,,,,24.1,180,1008.5,55.8,16.1,,,,,1986-05-05T05:55:21,1986-05-05T20:59:24,0.95,Partially cloudy,Partly cloudy throughout the day.,partly-cloudy-day,10400099999
125,"Dortmund, Nordrhein-Westfalen, Deutschland",1986-05-06,19.4,10.7,14.9,19.4,10.7,14.9,11.6,81.39,0,,0,,,,,24.1,170.9,1010.6,73.5,10.6,,,,,1986-05-06T05:53:34,1986-05-06T21:01:01,0.98,Partially cloudy,Partly cloudy throughout the day.,partly-cloudy-day,10400099999
126,"Dortmund, Nordrhein-Westfalen, Deutschland",1986-05-07,17.7,11.4,15,17.7,11.4,15.1,9,68.89,0,,0,,,,,27.7,187.9,1011.1,65.4,26.9,,,,,1986-05-07T05:51:49,1986-05-07T21:02:37,1,Partially cloudy,Partly cloudy throughout the day.,partly-cloudy-day,10400099999
127,"Dortmund, Nordrhein-Westfalen, Deutschland",1986-05-08,15.9,9.4,12.6,15.9,7,12.4,6.9,69.49,0,,0,,,,,33.5,230,1016.8,65,42.5,,,,,1986-05-08T05:50:06,1986-05-08T21:04:13,1,Partially cloudy,Partly cloudy throughout the day.,partly-cloudy-day,10400099999
128,"Dortmund, Nordrhein-Westfalen, Deutschland",1986-05-09,16.6,8.4,12.2,16.6,6.2,11.8,8.1,76.6,0,,0,,,,,25.9,229.6,1021.5,78.8,29.3,,,,,1986-05-09T05:48:24,1986-05-09T21:05:48,0,Partially cloudy,Partly cloudy throughout the day.,partly-cloudy-day,10400099999
129,"Dortmund, Nordrhein-Westfalen, Deutschland",1986-05-10,17.7,11.9,14.5,17.7,11.9,14.6,11.8,83.89,0,,0,,,,,27.7,198.3,1018.9,94.2,15.6,,,,,1986-05-10T05:46:44,1986-05-10T21:07:22,0.01,Overcast,Cloudy skies throughout the day.,cloudy,10400099999
130,"Dortmund, Nordrhein-Westfalen, Deutschland",1986-05-11,16.2,12.4,14.2,16.2,12.4,14.2,8.4,69.03,0,,0,,,,,29.5,252.1,1017.1,86.3,34.6,,,,,1986-05-11T05:45:06,1986-05-11T21:08:56,0.03,Partially cloudy,Partly cloudy throughout the day.,partly-cloudy-day,10400099999
131,"Dortmund, Nordrhein-Westfalen, Deutschland",1986-05-12,23.9,10.4,16.7,23.9,10.4,16.7,7.8,58.12,0,,0,,,,,24.1,202.1,1015.5,49.6,39,,,,,1986-05-12T05:43:29,1986-05-12T21:10:29,0.06,Partially cloudy,Partly cloudy throughout the day.,partly-cloudy-day,10400099999
132,"Dortmund, Nordrhein-Westfalen, Deutschland",1986-05-13,18.2,9.9,13.5,18.2,9.9,13.6,9.9,79.38,0,,0,,,,,14.8,205.2,1013.1,60.4,16,,,,,1986-05-13T05:41:54,1986-05-13T21:12:01,0.09,Partially cloudy,Partly cloudy throughout the day.,partly-cloudy-day,10400099999
133,"Dortmund, Nordrhein-Westfalen, Deutschland",1986-05-14,17.6,11.2,14,17.6,11.2,14,8.4,71.27,0,,0,,,,,16.6,205,1014,80.8,19.6,,,,,1986-05-14T05:40:22,1986-05-14T21:13:32,0.13,Partially cloudy,Partly cloudy throughout the day.,partly-cloudy-day,10400099999
134,"Dortmund, Nordrhein-Westfalen, Deutschland",1986-05-15,14.7,9.4,12.1,14.7,6.4,12,7,71.55,0,,0,,,,,33.5,190.9,1011.2,71.7,19,,,,,1986-05-15T05:38:51,1986-05-15T21:15:03,0.17,Partially cloudy,Partly cloudy throughout the day.,partly-cloudy-day,10400099999
135,"Dortmund, Nordrhein-Westfalen, Deutschland",1986-05-16,17.2,6.7,12.1,17.2,4.4,11.3,3.2,56.56,0,,0,,,,,16.6,233.5,1018,17.9,35.2,,,,,1986-05-16T05:37:22,1986-05-16T21:16:33,0.22,Clear,Clear conditions throughout the day.,clear-day,10400099999
136,"Dortmund, Nordrhein-Westfalen, Deutschland",1986-05-17,22.4,5.6,15,22.4,3.6,14.8,6.1,58.97,0,,0,,,,,24.1,155.2,1020.8,52.1,24.8,,,,,1986-05-17T05:35:55,1986-05-17T21:18:01,0.27,Partially cloudy,Partly cloudy throughout the day.,partly-cloudy-day,10400099999
137,"Dortmund, Nordrhein-Westfalen, Deutschland",1986-05-18,20.9,15.2,18.4,20.9,15.2,18.5,13.3,72.35,0,,0,,,,,18.4,217.1,1020.3,88.3,19.1,,,,,1986-05-18T05:34:31,1986-05-18T21:19:29,0.33,Partially cloudy,Partly cloudy throughout the day.,partly-cloudy-day,10400099999
138,"Dortmund, Nordrhein-Westfalen, Deutschland",1986-05-19,21.1,8.1,15.2,21.1,8.1,15.2,8.2,65.16,0,,0,,,,,16.6,236.2,1024.6,46.1,32.8,,,,,1986-05-19T05:33:08,1986-05-19T21:20:56,0.38,Partially cloudy,Partly cloudy throughout the day.,partly-cloudy-day,10400099999
139,"Dortmund, Nordrhein-Westfalen, Deutschland",1986-05-20,24.4,10.1,18.3,24.4,10.1,18.3,12.4,70.2,0,,0,,,,,25.9,127.3,1017.2,48.7,30.5,,,,,1986-05-20T05:31:48,1986-05-20T21:22:21,0.42,Partially cloudy,Partly cloudy throughout the day.,partly-cloudy-day,10400099999
140,"Dortmund, Nordrhein-Westfalen, Deutschland",1986-05-21,23.7,14.9,19.2,23.7,14.9,19.3,12,65.49,0,,0,,,,,29.5,244.2,1012,73.3,30,,,,,1986-05-21T05:30:30,1986-05-21T21:23:45,0.46,Partially cloudy,Partly cloudy throughout the day.,partly-cloudy-day,10400099999
141,"Dortmund, Nordrhein-Westfalen, Deutschland",1986-05-22,21.4,13.4,17.3,21.4,13.4,17.4,8.8,57.72,0,,0,,,,,22.3,255,1020.7,47.8,44.8,,,,,1986-05-22T05:29:14,1986-05-22T21:25:08,0.49,Partially cloudy,Partly cloudy throughout the day.,partly-cloudy-day,10400099999
142,"Dortmund, Nordrhein-Westfalen, Deutschland",1986-05-23,23.7,11.2,16.8,23.7,11.2,16.8,11,70.1,0,,0,,,,,20.5,210.4,1020.5,57.5,24.4,,,,,1986-05-23T05:28:01,1986-05-23T21:26:30,0.5,Partially cloudy,Partly cloudy throughout the day.,partly-cloudy-day,10400099999
143,"Dortmund, Nordrhein-Westfalen, Deutschland",1986-05-24,16.1,11.2,13.7,16.1,11.2,13.8,10,79.57,0,,0,,,,,27.7,282.6,1022.5,79.6,14.3,,,,,1986-05-24T05:26:50,1986-05-24T21:27:50,0.51,Partially cloudy,Partly cloudy throughout the day.,partly-cloudy-day,10400099999
144,"Dortmund, Nordrhein-Westfalen, Deutschland",1986-05-25,23.4,10.2,16.7,23.4,10.2,16.7,7.8,57.73,0,,0,,,,,20.5,231.3,1026.3,21.7,40.8,,,,,1986-05-25T05:25:41,1986-05-25T21:29:08,0.53,Partially cloudy,Partly cloudy throughout the day.,partly-cloudy-day,10400099999
145,"Dortmund, Nordrhein-Westfalen, Deutschland",1986-05-26,25.9,12.9,19.4,25.9,12.9,19.5,9.5,55.88,0,,0,,,,,16.6,213.5,1020.2,10.4,34.4,,,,,1986-05-26T05:24:35,1986-05-26T21:30:26,0.55,Clear,Clear conditions throughout the day.,clear-day,10400099999
146,"Dortmund, Nordrhein-Westfalen, Deutschland",1986-05-27,25.7,10.4,18.5,25.7,10.4,18.6,10.8,62.62,0,,0,,,,,22.3,235.2,1016.7,45.8,20.1,,,,,1986-05-27T05:23:32,1986-05-27T21:31:41,0.6,Partially cloudy,Becoming cloudy in the afternoon.,partly-cloudy-day,10400099999
147,"Dortmund, Nordrhein-Westfalen, Deutschland",1986-05-28,18.4,10.2,13.9,18.4,10.2,14,6,60.4,0,,0,,,,,18.4,267.4,1018.5,64.8,24.6,,,,,1986-05-28T05:22:31,1986-05-28T21:32:55,0.65,Partially cloudy,Partly cloudy throughout the day.,partly-cloudy-day,10400099999
148,"Dortmund, Nordrhein-Westfalen, Deutschland",1986-05-29,16.2,9.6,11.5,16.2,8.3,11.4,6.4,72.01,0,,0,,,,,27.7,233.5,1020.2,65.8,17.1,,,,,1986-05-29T05:21:33,1986-05-29T21:34:07,0.7,Partially cloudy,Partly cloudy throughout the day.,partly-cloudy-day,10400099999
149,"Dortmund, Nordrhein-Westfalen, Deutschland",1986-05-30,13.7,6.9,10,13.7,4.1,9.3,5.4,75.1,0,,0,,,,,14.8,249.5,1024.7,66.1,20.7,,,,,1986-05-30T05:20:37,1986-05-30T21:35:17,0.75,Partially cloudy,Partly cloudy throughout the day.,partly-cloudy-day,10400099999
150,"Dortmund, Nordrhein-Westfalen, Deutschland",1986-05-31,17.6,4.6,11.7,17.6,4.6,11.6,4.2,64.85,0,,0,,,,,13,210,1021.9,25.8,22,,,,,1986-05-31T05:19:44,1986-05-31T21:36:25,0.8,Partially cloudy,Partly cloudy throughout the day.,partly-cloudy-day,10400099999
151,"Dortmund, Nordrhein-Westfalen, Deutschland",1986-06-01,18.4,9.4,13.3,18.4,9.4,13.3,7.7,70.15,0,,0,,,,,14.8,198.4,1016.9,87.5,17.8,,,,,1986-06-01T05:18:54,1986-06-01T21:37:32,0.85,Partially cloudy,Partly cloudy throughout the day.,partly-cloudy-day,10400099999
152,"Dortmund, Nordrhein-Westfalen, Deutschland",1986-06-02,19.1,10.2,14.3,19.1,10.2,14.3,8.2,69.81,0,,0,,,,,13,117,1016.6,70,20.1,,,,,1986-06-02T05:18:07,1986-06-02T21:38:36,0.9,Partially cloudy,Partly cloudy throughout the day.,partly-cloudy-day,10400099999
153,"Dortmund, Nordrhein-Westfalen, Deutschland",1986-06-03,18.6,9.4,13.4,18.6,9.2,13.4,10.7,84,0,,0,,,,,24.1,198.7,1013.7,56.3,10.1,,,,,1986-06-03T05:17:23,1986-06-03T21:39:38,0.93,Partially cloudy,Partly cloudy throughout the day.,partly-cloudy-day,10400099999
154,"Dortmund, Nordrhein-Westfalen, Deutschland",1986-06-04,12.4,8.2,10.1,12.4,4.7,8.8,7.3,82.93,0,,0,,,,,27.7,283.9,1006.5,84.3,18.7,,,,,1986-06-04T05:16:41,1986-06-04T21:40:38,0.96,Partially cloudy,Partly cloudy throughout the day.,partly-cloudy-day,10400099999
155,"Dortmund, Nordrhein-Westfalen, Deutschland",1986-06-05,14.6,6.9,10,14.6,4.7,8.6,6,76.63,0,,0,,,,,27.7,270,1006.5,76.7,22.4,,,,,1986-06-05T05:16:02,1986-06-05T21:41:36,0.99,Partially cloudy,Partly cloudy throughout the day.,partly-cloudy-day,10400099999
156,"Dortmund, Nordrhein-Westfalen, Deutschland",1986-06-06,12.7,8.4,9.9,12.7,5.4,8.1,7.8,87.22,0,,0,,,,,35.3,267.1,1003.4,97.5,10.8,,,,,1986-06-06T05:15:26,1986-06-06T21:42:31,1,Overcast,Cloudy skies throughout the day.,cloudy,10400099999
157,"Dortmund, Nordrhein-Westfalen, Deutschland",1986-06-07,11.2,9.1,10,11.2,5.9,9,8.9,93.09,0,,0,,,,,27.7,277.9,1004.1,99.2,9.4,,,,,1986-06-07T05:14:54,1986-06-07T21:43:24,1,Overcast,Cloudy skies throughout the day.,cloudy,10400099999
158,"Dortmund, Nordrhein-Westfalen, Deutschland",1986-06-08,15.4,9.9,12.2,15.4,7.8,12.1,9.7,85.33,0,,0,,,,,18.4,248.8,1015.5,95.8,9.7,,,,,1986-06-08T05:14:24,1986-06-08T21:44:15,0,Overcast,Cloudy skies throughout the day.,cloudy,10400099999
159,"Dortmund, Nordrhein-Westfalen, Deutschland",1986-06-09,24.2,10.1,16.9,24.2,10.1,16.9,9.3,64.46,0,,0,,,,,20.5,165.7,1020.7,35.4,33.2,,,,,1986-06-09T05:13:57,1986-06-09T21:45:03,0.02,Partially cloudy,Clearing in the afternoon.,partly-cloudy-day,10400099999
160,"Dortmund, Nordrhein-Westfalen, Deutschland",1986-06-10,26.9,12.7,20.3,26.7,12.7,20.3,10.6,55.76,0,,0,,,,,35.3,172.9,1016,17.5,35.8,,,,,1986-06-10T05:13:33,1986-06-10T21:45:48,0.04,Clear,Clear conditions throughout the day.,clear-day,10400099999
161,"Dortmund, Nordrhein-Westfalen, Deutschland",1986-06-11,18.4,10.9,13.4,18.4,10.9,13.5,8.1,71.63,0,,0,,,,,18.4,244.8,1017.5,78.3,26.9,,,,,1986-06-11T05:13:12,1986-06-11T21:46:31,0.07,Partially cloudy,Partly cloudy throughout the day.,partly-cloudy-day,10400099999
162,"Dortmund, Nordrhein-Westfalen, Deutschland",1986-06-12,18.4,9.2,13.9,18.4,8.7,13.9,8.3,71.65,0,,0,,,,,18.4,257,1025,48.3,16.7,,,,,1986-06-12T05:12:55,1986-06-12T21:47:11,0.1,Partially cloudy,Partly cloudy throughout the day.,partly-cloudy-day,10400099999
163,"Dortmund, Nordrhein-Westfalen, Deutschland",1986-06-13,20.7,6.7,14.2,20.7,5.2,14.1,7.1,63.42,0,,0,,,,,74.2,103.8,1029.5,21.3,28.5,,,,,1986-06-13T05:12:40,1986-06-13T21:47:49,0.14,Partially cloudy,Becoming cloudy in the afternoon.,wind,10400099999
164,"Dortmund, Nordrhein-Westfalen, Deutschland",1986-06-14,23.9,9.7,18.1,23.9,8.7,18.1,9.1,58.56,0,,0,,,,,27.7,96.7,1027.1,1.7,34.5,,,,,1986-06-14T05:12:28,1986-06-14T21:48:23,0.2,Clear,Clear conditions throughout the day.,clear-day,10400099999
165,"Dortmund, Nordrhein-Westfalen, Deutschland",1986-06-15,27.7,14.6,21.6,28,14.6,21.7,12,55.06,0,,0,,,,,25.9,50.8,1021.2,1.3,47.9,,,,,1986-06-15T05:12:20,1986-06-15T21:48:55,0.25,Clear,Clear conditions throughout the day.,clear-day,10400099999
166,"Dortmund, Nordrhein-Westfalen, Deutschland",1986-06-16,31.2,16.2,24.5,32.2,16.2,24.9,16.7,64.06,0,,0,,,,,13,123.8,1014.5,23.5,19.2,,,,,1986-06-16T05:12:15,1986-06-16T21:49:24,0.3,Partially cloudy,Partly cloudy throughout the day.,partly-cloudy-day,10400099999
167,"Dortmund, Nordrhein-Westfalen, Deutschland",1986-06-17,28.7,18.6,22.4,30.5,18.6,22.6,18.2,77.71,0,,0,,,,,25.9,193,1012.6,61.7,8.1,,,,,1986-06-17T05:12:12,1986-06-17T21:49:50,0.36,Partially cloudy,Partly cloudy throughout the day.,partly-cloudy-day,10400099999
168,"Dortmund, Nordrhein-Westfalen, Deutschland",1986-06-18,21.7,15.9,18.9,21.7,15.9,18.9,15,79.22,0,,0,,,,,16.6,265.8,1017.6,75.8,5.4,,,,,1986-06-18T05:12:13,1986-06-18T21:50:13,0.41,Partially cloudy,Partly cloudy throughout the day.,partly-cloudy-day,10400099999
169,"Dortmund, Nordrhein-Westfalen, Deutschland",1986-06-19,25.4,14.6,19.7,25.4,14.6,19.8,14.6,72.88,0,,0,,,,,18.4,56.7,1018.3,42.5,7.3,,,,,1986-06-19T05:12:17,1986-06-19T21:50:34,0.45,Partially cloudy,Partly cloudy throughout the day.,partly-cloudy-day,10400099999
170,"Dortmund, Nordrhein-Westfalen, Deutschland",1986-06-20,26.2,16.2,21.6,26.2,16.2,21.6,16.9,75.67,0,,0,,,,,22.3,37.5,1016.4,7.5,5.5,,,,,1986-06-20T05:12:23,1986-06-20T21:50:51,0.48,Clear,Clear conditions throughout the day.,clear-day,10400099999
171,"Dortmund, Nordrhein-Westfalen, Deutschland",1986-06-21,22.2,13.9,17.8,22.2,13.9,17.8,13.6,77.3,0,,0,,,,,20.5,29.2,1016.9,43.8,6.5,,,,,1986-06-21T05:12:33,1986-06-21T21:51:05,0.5,Partially cloudy,Clearing in the afternoon.,partly-cloudy-day,10400099999
172,"Dortmund, Nordrhein-Westfalen, Deutschland",1986-06-22,26.2,13.4,20.1,26.2,13.4,20.1,14.4,71.98,0,,0,,,,,14.8,42.1,1014.7,17.5,12.5,,,,,1986-06-22T05:12:46,1986-06-22T21:51:16,0.5,Clear,Clear conditions throughout the day.,clear-day,10400099999
173,"Dortmund, Nordrhein-Westfalen, Deutschland",1986-06-23,26.6,16.2,21.7,26.6,16.2,21.8,16,71.06,0,,0,,,,,20.5,89.6,1010.8,66.7,13.8,,,,,1986-06-23T05:13:02,1986-06-23T21:51:24,0.52,Partially cloudy,Partly cloudy throughout the day.,partly-cloudy-day,10400099999
174,"Dortmund, Nordrhein-Westfalen, Deutschland",1986-06-24,19.9,15.4,17.7,19.9,15.4,17.8,13.1,74.84,0,,0,,,,,24.1,229.2,1016.9,80.8,18.5,,,,,1986-06-24T05:13:21,1986-06-24T21:51:29,0.54,Partially cloudy,Partly cloudy throughout the day.,partly-cloudy-day,10400099999
175,"Dortmund, Nordrhein-Westfalen, Deutschland",1986-06-25,23.9,10.9,18.1,23.9,10.9,18.2,12.7,73.07,0,,0,,,,,13,77.7,1023.7,28.3,8.6,,,,,1986-06-25T05:13:43,1986-06-25T21:51:31,0.58,Partially cloudy,Partly cloudy throughout the day.,partly-cloudy-day,10400099999
176,"Dortmund, Nordrhein-Westfalen, Deutschland",1986-06-26,27.4,13.4,21.3,27.6,13.4,21.3,13.7,65.06,0,,0,,,,,16.6,59.6,1025.2,4.2,15.2,,,,,1986-06-26T05:14:07,1986-06-26T21:51:29,0.63,Clear,Clear conditions throughout the day.,clear-day,10400099999
177,"Dortmund, Nordrhein-Westfalen, Deutschland",1986-06-27,30.7,14.7,23.4,29.5,14.7,23.3,13.4,57.16,0,,0,,,,,14.8,85,1023.8,17.5,35.6,,,,,1986-06-27T05:14:35,1986-06-27T21:51:25,0.68,Clear,Clear conditions throughout the day.,clear-day,10400099999
178,"Dortmund, Nordrhein-Westfalen, Deutschland",1986-06-28,28.9,16.9,23.2,28.1,16.9,23,13.8,58.75,0,,0,,,,,16.6,72.5,1022.8,5.8,26.6,,,,,1986-06-28T05:15:05,1986-06-28T21:51:17,0.73,Clear,Clear conditions throughout the day.,clear-day,10400099999
179,"Dortmund, Nordrhein-Westfalen, Deutschland",1986-06-29,26.6,14.2,21.1,26.6,14.2,21.2,11.5,55.69,0,,0,,,,,20.5,71.7,1020.7,2.9,43.3,,,,,1986-06-29T05:15:38,1986-06-29T21:51:07,0.78,Clear,Clear conditions throughout the day.,clear-day,10400099999
180,"Dortmund, Nordrhein-Westfalen, Deutschland",1986-06-30,27.2,14.4,21.9,27,14.4,21.9,12.1,56.53,0,,0,,,,,16.6,66.1,1019.9,9.1,43,,,,,1986-06-30T05:16:14,1986-06-30T21:50:53,0.83,Clear,Clear conditions throughout the day.,clear-day,10400099999
181,"Dortmund, Nordrhein-Westfalen, Deutschland",1986-07-01,30.1,17.7,24.8,29.3,17.7,24.6,13.2,50.25,0,,0,,,,,16.6,181.3,1021.5,21.4,31.2,,,,,1986-07-01T05:16:52,1986-07-01T21:50:36,0.87,Partially cloudy,Partly cloudy throughout the day.,partly-cloudy-day,10400099999
182,"Dortmund, Nordrhein-Westfalen, Deutschland",1986-07-02,30.4,19.1,25,29.1,19.1,24.7,13.4,51.38,0,,0,,,,,14.8,133.3,1019.8,15.8,21.9,,,,,1986-07-02T05:17:33,1986-07-02T21:50:16,0.91,Clear,Clear conditions throughout the day.,clear-day,10400099999
183,"Dortmund, Nordrhein-Westfalen, Deutschland",1986-07-03,30.2,19.1,24.2,30,19.1,24.3,15.2,58.14,0,,0,,,,,24.1,213,1016.9,27.4,14.3,,,,,1986-07-03T05:18:17,1986-07-03T21:49:53,0.94,Partially cloudy,Partly cloudy throughout the day.,partly-cloudy-day,10400099999
184,"Dortmund, Nordrhein-Westfalen, Deutschland",1986-07-04,27.9,15.7,22,27.2,15.7,21.9,13,59.76,0,,0,,,,,24.1,246.7,1020.3,25,13.2,,,,,1986-07-04T05:19:03,1986-07-04T21:49:27,0.97,Partially cloudy,Partly cloudy throughout the day.,partly-cloudy-day,10400099999
185,"Dortmund, Nordrhein-Westfalen, Deutschland",1986-07-05,26.7,19.2,22.4,26.7,19.2,22.4,13.4,57.58,0,,0,,,,,22.3,234.6,1013.9,84.2,31.9,,,,,1986-07-05T05:19:52,1986-07-05T21:48:58,0.99,Partially cloudy,Partly cloudy throughout the day.,partly-cloudy-day,10400099999
186,"Dortmund, Nordrhein-Westfalen, Deutschland",1986-07-06,19.9,15.1,17.1,19.9,15.1,17.1,13.7,81.57,0,,0,,,,,18.4,236.5,1006.4,86.3,16.7,,,,,1986-07-06T05:20:43,1986-07-06T21:48:25,1,Partially cloudy,Partly cloudy throughout the day.,partly-cloudy-day,10400099999
187,"Dortmund, Nordrhein-Westfalen, Deutschland",1986-07-07,20.2,13.1,15.3,20.2,13.1,15.4,12.3,82.64,0,,0,,,,,27.7,272.2,1014.3,86.5,15.8,,,,,1986-07-07T05:21:36,1986-07-07T21:47:50,0,Partially cloudy,Partly cloudy throughout the day.,partly-cloudy-day,10400099999
188,"Dortmund, Nordrhein-Westfalen, Deutschland",1986-07-08,21.2,12.9,16,21.2,12.9,16.1,10.5,72.25,0,,0,,,,,24.1,261.7,1017.6,68.3,18,,,,,1986-07-08T05:22:31,1986-07-08T21:47:12,0.01,Partially cloudy,Partly cloudy throughout the day.,partly-cloudy-day,10400099999
189,"Dortmund, Nordrhein-Westfalen, Deutschland",1986-07-09,18.7,13.1,15.4,18.7,13.1,15.5,9.8,71.34,0,,0,,,,,16.6,295.2,1019.2,77.9,25.2,,,,,1986-07-09T05:23:29,1986-07-09T21:46:31,0.03,Partially cloudy,Partly cloudy throughout the day.,partly-cloudy-day,10400099999
190,"Dortmund, Nordrhein-Westfalen, Deutschland",1986-07-10,19.2,12.1,15.3,19.2,12.1,15.3,12,81.41,0,,0,,,,,22.3,267.7,1017.8,90,17.3,,,,,1986-07-10T05:24:29,1986-07-10T21:45:47,0.05,Partially cloudy,Partly cloudy throughout the day.,partly-cloudy-day,10400099999
191,"Dortmund, Nordrhein-Westfalen, Deutschland",1986-07-11,19.2,13.1,15.5,19.2,13.1,15.6,9.5,69.83,0,,0,,,,,16.6,294.6,1020.8,69.2,27.2,,,,,1986-07-11T05:25:31,1986-07-11T21:45:00,0.09,Partially cloudy,Partly cloudy throughout the day.,partly-cloudy-day,10400099999
192,"Dortmund, Nordrhein-Westfalen, Deutschland",1986-07-12,18.4,6.7,13.4,18.4,6.7,13.5,7.1,67.43,0,,0,,,,,14.8,311.3,1021.6,40.9,34,,,,,1986-07-12T05:26:35,1986-07-12T21:44:10,0.13,Partially cloudy,Partly cloudy throughout the day.,partly-cloudy-day,10400099999
193,"Dortmund, Nordrhein-Westfalen, Deutschland",1986-07-13,18.7,9.4,14.4,18.7,9.4,14.5,6.5,61.34,0,,0,,,,,18.4,307.4,1022,52.9,44.2,,,,,1986-07-13T05:27:40,1986-07-13T21:43:18,0.18,Partially cloudy,Partly cloudy throughout the day.,partly-cloudy-day,10400099999
194,"Dortmund, Nordrhein-Westfalen, Deutschland",1986-07-14,21.7,7.9,15.3,21.7,7.9,15.4,9.9,71.53,0,,0,,,,,14.8,249.4,1023.6,60.9,24.1,,,,,1986-07-14T05:28:48,1986-07-14T21:42:22,0.23,Partially cloudy,Partly cloudy throughout the day.,partly-cloudy-day,10400099999
195,"Dortmund, Nordrhein-Westfalen, Deutschland",1986-07-15,25.4,17.2,20.7,25.4,17.2,20.8,13.9,65.68,0,,0,,,,,11.2,226.5,1024,71.7,7.7,,,,,1986-07-15T05:29:58,1986-07-15T21:41:24,0.28,Partially cloudy,Partly cloudy throughout the day.,partly-cloudy-day,10400099999
196,"Dortmund, Nordrhein-Westfalen, Deutschland",1986-07-16,28.7,16.1,22.6,28.1,16.1,22.6,14.2,62.33,0,,0,,,,,11.2,148.7,1023.4,21.3,8,,,,,1986-07-16T05:31:09,1986-07-16T21:40:24,0.34,Partially cloudy,Partly cloudy throughout the day.,partly-cloudy-day,10400099999
197,"Dortmund, Nordrhein-Westfalen, Deutschland",1986-07-17,27.7,16.6,22,28,16.6,22.1,14.4,62.64,0,,0,,,,,27.7,236.3,1019.1,38.8,12.1,,,,,1986-07-17T05:32:21,1986-07-17T21:39:21,0.39,Partially cloudy,Becoming cloudy in the afternoon.,partly-cloudy-day,10400099999
198,"Dortmund, Nordrhein-Westfalen, Deutschland",1986-07-18,20.4,10.4,16.1,20.4,10.4,16.1,9,65.14,0,,0,,,,,20.5,287.4,1024.3,55,22.7,,,,,1986-07-18T05:33:36,1986-07-18T21:38:15,0.44,Partially cloudy,Partly cloudy throughout the day.,partly-cloudy-day,10400099999
199,"Dortmund, Nordrhein-Westfalen, Deutschland",1986-07-19,18.6,12.1,15.4,18.6,12.1,15.4,8.3,65.01,0,,0,,,,,11.2,188.7,1025.9,77.4,26.4,,,,,1986-07-19T05:34:52,1986-07-19T21:37:06,0.47,Partially cloudy,Partly cloudy throughout the day.,partly-cloudy-day,10400099999
200,"Dortmund, Nordrhein-Westfalen, Deutschland",1986-07-20,24.9,9.7,17,24.9,9.5,17,8.5,61.61,0,,0,,,,,16.6,202.9,1022,58.3,23.2,,,,,1986-07-20T05:36:09,1986-07-20T21:35:56,0.49,Partially cloudy,Partly cloudy throughout the day.,partly-cloudy-day,10400099999
201,"Dortmund, Nordrhein-Westfalen, Deutschland",1986-07-21,24.2,15.4,19.2,24.2,15.4,19.3,12.6,67.89,0,,0,,,,,13,257.5,1017.8,76.5,11.4,,,,,1986-07-21T05:37:28,1986-07-21T21:34:42,0.5,Partially cloudy,Partly cloudy throughout the day.,partly-cloudy-day,10400099999
202,"Dortmund, Nordrhein-Westfalen, Deutschland",1986-07-22,24.1,15.1,19.2,24.1,15.1,19.3,13.7,72.36,0,,0,,,,,22.3,249.4,1012.7,80.4,13.8,,,,,1986-07-22T05:38:47,1986-07-22T21:33:27,0.51,Partially cloudy,Partly cloudy throughout the day.,partly-cloudy-day,10400099999
203,"Dortmund, Nordrhein-Westfalen, Deutschland",1986-07-23,18.2,14.4,15.8,18.2,14.4,15.8,13.2,84.78,0,,0,,,,,24.1,148.3,1007,93.8,5.4,,,,,1986-07-23T05:40:09,1986-07-23T21:32:09,0.53,Overcast,Cloudy skies throughout the day.,cloudy,10400099999
204,"Dortmund, Nordrhein-Westfalen, Deutschland",1986-07-24,16.2,9.9,13.1,16.2,8,13.1,9.5,79.19,0,,0,,,,,35.3,262.1,1012.2,69.6,17.2,,,,,1986-07-24T05:41:31,1986-07-24T21:30:49,0.56,Partially cloudy,Partly cloudy throughout the day.,partly-cloudy-day,10400099999
205,"Dortmund, Nordrhein-Westfalen, Deutschland",1986-07-25,16.6,12.4,14.7,16.6,12.4,14.7,11.5,81.51,0,,0,,,,,29.5,218.3,1014.2,80.8,12.7,,,,,1986-07-25T05:42:54,1986-07-25T21:29:26,0.61,Partially cloudy,Partly cloudy throughout the day.,partly-cloudy-day,10400099999
206,"Dortmund, Nordrhein-Westfalen, Deutschland",1986-07-26,21.9,15.4,18.4,21.9,15.4,18.4,15.1,81.95,0,,0,,,,,20.5,248.8,1013.9,91.7,13.1,,,,,1986-07-26T05:44:19,1986-07-26T21:28:01,0.65,Overcast,Cloudy skies throughout the day.,cloudy,10400099999
207,"Dortmund, Nordrhein-Westfalen, Deutschland",1986-07-27,25.7,18.1,20.7,25.7,18.1,20.8,15.5,72.85,0,,0,,,,,14.8,217.9,1019,68.3,27.5,,,,,1986-07-27T05:45:44,1986-07-27T21:26:35,0.7,Partially cloudy,Partly cloudy throughout the day.,partly-cloudy-day,10400099999
208,"Dortmund, Nordrhein-Westfalen, Deutschland",1986-07-28,28.9,18.1,22.9,28.4,18.1,22.8,14.7,62.52,0,,0,,,,,14.8,158.8,1020,56.3,23.3,,,,,1986-07-28T05:47:11,1986-07-28T21:25:06,0.75,Partially cloudy,Partly cloudy throughout the day.,partly-cloudy-day,10400099999
209,"Dortmund, Nordrhein-Westfalen, Deutschland",1986-07-29,26.4,18.9,22.9,26.4,18.9,22.9,14.1,58.45,0,,0,,,,,33.5,216.7,1014.5,52.9,35.2,,,,,1986-07-29T05:48:38,1986-07-29T21:23:35,0.8,Partially cloudy,Partly cloudy throughout the day.,partly-cloudy-day,10400099999
210,"Dortmund, Nordrhein-Westfalen, Deutschland",1986-07-30,25.2,15.2,19.6,25.2,15.2,19.6,10.6,58.83,0,,0,,,,,16.6,210.8,1016,44.6,35.9,,,,,1986-07-30T05:50:06,1986-07-30T21:22:02,0.84,Partially cloudy,Partly cloudy throughout the day.,partly-cloudy-day,10400099999
211,"Dortmund, Nordrhein-Westfalen, Deutschland",1986-07-31,27.9,16.4,21.9,27.6,16.4,21.9,11.6,53.19,0,,0,,,,,37.1,207,1009.5,47.4,31.4,,,,,1986-07-31T05:51:35,1986-07-31T21:20:27,0.88,Partially cloudy,Partly cloudy throughout the day.,partly-cloudy-day,10400099999
212,"Dortmund, Nordrhein-Westfalen, Deutschland",1986-08-01,24.4,15.2,19,24.4,15.2,19.1,9.3,55.02,0,,0,,,,,16.6,220.9,1018.5,43.3,35,,,,,1986-08-01T05:53:04,1986-08-01T21:18:50,0.92,Partially cloudy,Partly cloudy throughout the day.,partly-cloudy-day,10400099999
213,"Dortmund, Nordrhein-Westfalen, Deutschland",1986-08-02,28.1,15.2,22.1,28,15.2,22.1,12.1,54.22,0,,0,,,,,33.5,202.1,1018,46.7,32.3,,,,,1986-08-02T05:54:35,1986-08-02T21:17:12,0.95,Partially cloudy,Partly cloudy throughout the day.,partly-cloudy-day,10400099999
214,"Dortmund, Nordrhein-Westfalen, Deutschland",1986-08-03,35.1,13.9,24.6,34.6,13.9,24.7,14.5,58.09,0,,0,,,,,31.3,112.5,1015.4,20,26.5,,,,,1986-08-03T05:56:05,1986-08-03T21:15:32,0.98,Clear,Partly cloudy throughout the day.,clear-day,10400099999
215,"Dortmund, Nordrhein-Westfalen, Deutschland",1986-08-04,30.4,20.4,23.7,30.1,20.4,23.8,15.1,59.57,0,,0,,,,,29.5,249.6,1012.8,65.4,18.5,,,,,1986-08-04T05:57:37,1986-08-04T21:13:50,1,Partially cloudy,Partly cloudy throughout the day.,partly-cloudy-day,10400099999
216,"Dortmund, Nordrhein-Westfalen, Deutschland",1986-08-05,22.1,14.6,18.1,22.1,14.6,18.2,10.1,62.32,0,,0,,,,,24.1,254.3,1022.8,59.6,29.5,,,,,1986-08-05T05:59:09,1986-08-05T21:12:06,1,Partially cloudy,Partly cloudy throughout the day.,partly-cloudy-day,10400099999
217,"Dortmund, Nordrhein-Westfalen, Deutschland",1986-08-06,28.1,10.4,19.9,27.2,10.4,19.8,8.6,52.82,0,,0,,,,,18.4,137.5,1022.1,24.8,29.1,,,,,1986-08-06T06:00:41,1986-08-06T21:10:20,0,Partially cloudy,Partly cloudy throughout the day.,partly-cloudy-day,10400099999
218,"Dortmund, Nordrhein-Westfalen, Deutschland",1986-08-07,24.7,15.7,19.7,24.7,15.7,19.8,11.5,60.73,0,,0,,,,,31.3,222.1,1014.9,47.5,22.7,,,,,1986-08-07T06:02:14,1986-08-07T21:08:34,0.02,Partially cloudy,Partly cloudy throughout the day.,partly-cloudy-day,10400099999
219,"Dortmund, Nordrhein-Westfalen, Deutschland",1986-08-08,21.7,14.4,17.9,21.7,14.4,18,9.9,60.35,0,,0,,,,,25.9,251.7,1016.5,62.5,28.9,,,,,1986-08-08T06:03:47,1986-08-08T21:06:45,0.04,Partially cloudy,Partly cloudy throughout the day.,partly-cloudy-day,10400099999
220,"Dortmund, Nordrhein-Westfalen, Deutschland",1986-08-09,23.2,10.6,17.2,23.2,10.6,17.2,9.6,64.3,0,,0,,,,,11.2,101.4,1018.9,38.3,15.4,,,,,1986-08-09T06:05:20,1986-08-09T21:04:55,0.07,Partially cloudy,Partly cloudy throughout the day.,partly-cloudy-day,10400099999
221,"Dortmund, Nordrhein-Westfalen, Deutschland",1986-08-10,26.6,11.1,19,26.6,11.1,19.1,10.5,61.5,0,,0,,,,,18.4,78.3,1018.9,37.1,19.2,,,,,1986-08-10T06:06:54,1986-08-10T21:03:04,0.11,Partially cloudy,Becoming cloudy in the afternoon.,partly-cloudy-day,10400099999
222,"Dortmund, Nordrhein-Westfalen, Deutschland",1986-08-11,27.2,13.4,20.8,27.2,13.4,20.8,12.6,61.13,0,,0,,,,,14.8,81.8,1016.3,35,15.6,,,,,1986-08-11T06:08:28,1986-08-11T21:01:11,0.16,Partially cloudy,Partly cloudy throughout the day.,partly-cloudy-day,10400099999
223,"Dortmund, Nordrhein-Westfalen, Deutschland",1986-08-12,24.4,15.9,19.8,24.4,15.9,19.9,13.6,69.47,0,,0,,,,,20.5,243,1014.6,66.1,8.2,,,,,1986-08-12T06:10:03,1986-08-12T20:59:16,0.22,Partially cloudy,Partly cloudy throughout the day.,partly-cloudy-day,10400099999
224,"Dortmund, Nordrhein-Westfalen, Deutschland",1986-08-13,23.9,12.4,18,23.9,12.4,18.1,11.4,68.64,0,,0,,,,,11.2,245.5,1016.2,47.1,9.5,,,,,1986-08-13T06:11:38,1986-08-13T20:57:21,0.27,Partially cloudy,Clearing in the afternoon.,partly-cloudy-day,10400099999
225,"Dortmund, Nordrhein-Westfalen, Deutschland",1986-08-14,27.9,15.9,21.7,27.3,15.9,21.7,12.7,59.49,0,,0,,,,,14.8,175.7,1015.7,47.8,12.8,,,,,1986-08-14T06:13:12,1986-08-14T20:55:24,0.33,Partially cloudy,Partly cloudy throughout the day.,partly-cloudy-day,10400099999
226,"Dortmund, Nordrhein-Westfalen, Deutschland",1986-08-15,23.4,16.9,19.6,23.4,16.9,19.7,12.4,64.78,0,,0,,,,,18.4,217.5,1014,87.1,17,,,,,1986-08-15T06:14:47,1986-08-15T20:53:26,0.38,Partially cloudy,Partly cloudy throughout the day.,partly-cloudy-day,10400099999
227,"Dortmund, Nordrhein-Westfalen, Deutschland",1986-08-16,24.2,15.2,18.8,24.2,15.2,18.9,11.2,64.18,0,,0,,,,,22.3,240,1014.5,59.6,26.5,,,,,1986-08-16T06:16:23,1986-08-16T20:51:27,0.43,Partially cloudy,Partly cloudy throughout the day.,partly-cloudy-day,10400099999
228,"Dortmund, Nordrhein-Westfalen, Deutschland",1986-08-17,19.7,13.9,16.6,19.7,13.9,16.7,9.9,64.9,0,,0,,,,,13,254.5,1014,77.9,28.6,,,,,1986-08-17T06:17:58,1986-08-17T20:49:26,0.46,Partially cloudy,Partly cloudy throughout the day.,partly-cloudy-day,10400099999
229,"Dortmund, Nordrhein-Westfalen, Deutschland",1986-08-18,20.2,12.4,16.3,20.2,12.4,16.3,10.9,71.66,0,,0,,,,,18.4,43.3,1009.9,79.6,14.3,,,,,1986-08-18T06:19:33,1986-08-18T20:47:25,0.49,Partially cloudy,Partly cloudy throughout the day.,partly-cloudy-day,10400099999
230,"Dortmund, Nordrhein-Westfalen, Deutschland",1986-08-19,16.4,12.2,14.4,16.4,12.2,14.4,10.9,80.91,0,,0,,,,,27.7,183.8,1010.4,94.2,16.2,,,,,1986-08-19T06:21:09,1986-08-19T20:45:22,0.5,Overcast,Cloudy skies throughout the day.,cloudy,10400099999
231,"Dortmund, Nordrhein-Westfalen, Deutschland",1986-08-20,17.6,11.2,14.1,17.6,11.2,14.1,10.5,80.31,0,,0,,,,,27.7,265.4,1019.4,69.6,14.5,,,,,1986-08-20T06:22:45,1986-08-20T20:43:19,0.51,Partially cloudy,Partly cloudy throughout the day.,partly-cloudy-day,10400099999
232,"Dortmund, Nordrhein-Westfalen, Deutschland",1986-08-21,20.2,7.7,14,20.2,6.8,13.9,8.3,71.79,0,,0,,,,,13,157.6,1020.1,41.3,12.4,,,,,1986-08-21T06:24:20,1986-08-21T20:41:14,0.52,Partially cloudy,Becoming cloudy in the afternoon.,partly-cloudy-day,10400099999
233,"Dortmund, Nordrhein-Westfalen, Deutschland",1986-08-22,21.7,14.2,17.6,21.7,14.2,17.6,12.3,72,0,,0,,,,,18.4,180.4,1008,93.3,13.9,,,,,1986-08-22T06:25:56,1986-08-22T20:39:09,0.54,Overcast,Cloudy skies throughout the day.,cloudy,10400099999
234,"Dortmund, Nordrhein-Westfalen, Deutschland",1986-08-23,18.6,13.7,15.2,18.6,13.7,15.2,12.4,84.22,0,,0,,,,,18.4,261.7,1005.3,86.3,10.1,,,,,1986-08-23T06:27:32,1986-08-23T20:37:02,0.58,Partially cloudy,Partly cloudy throughout the day.,partly-cloudy-day,10400099999
235,"Dortmund, Nordrhein-Westfalen, Deutschland",1986-08-24,19.4,9.9,14.5,19.4,9.9,14.5,8.2,69.48,0,,0,,,,,25.9,249,1010.7,71.3,36.7,,,,,1986-08-24T06:29:08,1986-08-24T20:34:55,0.62,Partially cloudy,Partly cloudy throughout the day.,partly-cloudy-day,10400099999
236,"Dortmund, Nordrhein-Westfalen, Deutschland",1986-08-25,20.4,9.1,14.9,20.4,8,14.9,8.6,68.13,0,,0,,,,,14.8,207.5,1017.3,59.6,37.9,,,,,1986-08-25T06:30:43,1986-08-25T20:32:47,0.67,Partially cloudy,Partly cloudy throughout the day.,partly-cloudy-day,10400099999
237,"Dortmund, Nordrhein-Westfalen, Deutschland",1986-08-26,19.9,12.9,16.2,19.9,12.9,16.2,10.8,72.04,0,,0,,,,,38.9,171.7,1000.8,94.6,23.5,,,,,1986-08-26T06:32:19,1986-08-26T20:30:38,0.71,Overcast,Cloudy skies throughout the day.,cloudy,10400099999
238,"Dortmund, Nordrhein-Westfalen, Deutschland",1986-08-27,19.2,12.9,15.4,19.2,12.9,15.5,7.8,62.34,0,,0,,,,,44.3,230,1001.7,72.5,31.2,,,,,1986-08-27T06:33:55,1986-08-27T20:28:28,0.76,Partially cloudy,Partly cloudy throughout the day.,partly-cloudy-day,10400099999
239,"Dortmund, Nordrhein-Westfalen, Deutschland",1986-08-28,19.2,11.2,14.2,19.2,11.2,14.3,7.1,63.24,0,,0,,,,,24.1,232.9,1008.6,45.4,42.5,,,,,1986-08-28T06:35:31,1986-08-28T20:26:18,0.81,Partially cloudy,Partly cloudy throughout the day.,partly-cloudy-day,10400099999
240,"Dortmund, Nordrhein-Westfalen, Deutschland",1986-08-29,16.7,10.4,12.9,16.7,10.4,12.9,8.2,74.14,0,,0,,,,,24.1,237.9,1013.4,80.4,22.2,,,,,1986-08-29T06:37:07,1986-08-29T20:24:06,0.85,Partially cloudy,Partly cloudy throughout the day.,partly-cloudy-day,10400099999
241,"Dortmund, Nordrhein-Westfalen, Deutschland",1986-08-30,16.1,11.2,12.9,16.1,11.2,12.9,10.9,88.37,0,,0,,,,,29.5,246.3,1017.5,92.9,13,,,,,1986-08-30T06:38:42,1986-08-30T20:21:55,0.9,Overcast,Cloudy skies throughout the day.,cloudy,10400099999
242,"Dortmund, Nordrhein-Westfalen, Deutschland",1986-08-31,14.2,10.9,12.4,14.2,10.9,12.5,9.9,84.96,0,,0,,,,,16.6,275.4,1022.7,81.7,21.6,,,,,1986-08-31T06:40:18,1986-08-31T20:19:42,0.93,Partially cloudy,Partly cloudy throughout the day.,partly-cloudy-day,10400099999
243,"Dortmund, Nordrhein-Westfalen, Deutschland",1986-09-01,17.1,8.2,12.5,17.1,6.9,12.2,8.1,75.82,0,,0,,,,,25.9,235.4,1022.9,77.1,19.8,,,,,1986-09-01T06:41:54,1986-09-01T20:17:29,0.96,Partially cloudy,Partly cloudy throughout the day.,partly-cloudy-day,10400099999
244,"Dortmund, Nordrhein-Westfalen, Deutschland",1986-09-02,18.9,12.2,15,18.9,12.2,15,10.5,76.24,0,,0,,,,,33.5,250.4,1016.9,92.9,18.6,,,,,1986-09-02T06:43:30,1986-09-02T20:15:15,0.99,Overcast,Cloudy skies throughout the day.,cloudy,10400099999
245,"Dortmund, Nordrhein-Westfalen, Deutschland",1986-09-03,16.2,11.9,13.8,16.2,11.9,13.8,10.7,81.74,0,,0,,,,,33.5,238.3,1011.9,67.1,32.6,,,,,1986-09-03T06:45:05,1986-09-03T20:13:01,1,Partially cloudy,Partly cloudy throughout the day.,partly-cloudy-day,10400099999
246,"Dortmund, Nordrhein-Westfalen, Deutschland",1986-09-04,16.9,10.2,13.2,16.9,10.2,13.2,8,72.32,0,,0,,,,,20.5,294.2,1025.8,60,36.3,,,,,1986-09-04T06:46:41,1986-09-04T20:10:47,0,Partially cloudy,Partly cloudy throughout the day.,partly-cloudy-day,10400099999
247,"Dortmund, Nordrhein-Westfalen, Deutschland",1986-09-05,21.1,6.9,13.4,21.1,5.9,13.1,7.4,70.56,0,,0,,,,,18.4,201.4,1026.4,15.2,24,,,,,1986-09-05T06:48:17,1986-09-05T20:08:32,0.01,Clear,Clear conditions throughout the day.,clear-day,10400099999
248,"Dortmund, Nordrhein-Westfalen, Deutschland",1986-09-06,18.4,9.9,13.8,18.4,9.5,13.9,8.9,73.85,0,,0,,,,,20.5,223.9,1019.5,80,9.8,,,,,1986-09-06T06:49:53,1986-09-06T20:06:16,0.03,Partially cloudy,Partly cloudy throughout the day.,partly-cloudy-day,10400099999
249,"Dortmund, Nordrhein-Westfalen, Deutschland",1986-09-07,18.4,10.4,13.3,18.4,10.4,13.3,8.7,75.97,0,,0,,,,,27.7,247.8,1018.5,73.8,16,,,,,1986-09-07T06:51:28,1986-09-07T20:04:00,0.06,Partially cloudy,Partly cloudy throughout the day.,partly-cloudy-day,10400099999
250,"Dortmund, Nordrhein-Westfalen, Deutschland",1986-09-08,18.1,8.9,12.1,18.1,7.5,11.7,7.3,73.78,0,,0,,,,,20.5,260.4,1017.2,50.8,16.5,,,,,1986-09-08T06:53:04,1986-09-08T20:01:44,0.1,Partially cloudy,Partly cloudy throughout the day.,partly-cloudy-day,10400099999
251,"Dortmund, Nordrhein-Westfalen, Deutschland",1986-09-09,16.1,3.9,9.8,16.1,3.9,9.8,5.7,78.43,0,,0,,,,,11.2,168.6,1020.6,30,17.9,,,,,1986-09-09T06:54:40,1986-09-09T19:59:27,0.14,Partially cloudy,Partly cloudy throughout the day.,partly-cloudy-day,10400099999
252,"Dortmund, Nordrhein-Westfalen, Deutschland",1986-09-10,16.4,3.9,10.5,16.4,3.5,10.5,4.8,71.98,0,,0,,,,,11.2,258.6,1019.7,50,32.3,,,,,1986-09-10T06:56:15,1986-09-10T19:57:10,0.2,Partially cloudy,Partly cloudy throughout the day.,partly-cloudy-day,10400099999
253,"Dortmund, Nordrhein-Westfalen, Deutschland",1986-09-11,16.4,4.1,10,16.4,4.1,10.1,5.7,76.9,0,,0,,,,,11.2,122,1019.4,33,8.8,,,,,1986-09-11T06:57:51,1986-09-11T19:54:53,0.26,Partially cloudy,Partly cloudy throughout the day.,partly-cloudy-day,10400099999
254,"Dortmund, Nordrhein-Westfalen, Deutschland",1986-09-12,12.2,8.4,10.4,12.2,6.5,9.7,6.1,74.93,0,,0,,,,,18.4,43.9,1015.2,93,13.9,,,,,1986-09-12T06:59:27,1986-09-12T19:52:35,0.32,Overcast,Cloudy skies throughout the day.,cloudy,10400099999
255,"Dortmund, Nordrhein-Westfalen, Deutschland",1986-09-13,13.7,9.4,11.5,13.7,7.7,11.2,7.9,78.63,0,,0,,,,,20.5,73.9,1015.5,97.8,9.4,,,,,1986-09-13T07:01:03,1986-09-13T19:50:17,0.37,Overcast,Cloudy skies throughout the day.,cloudy,10400099999
256,"Dortmund, Nordrhein-Westfalen, Deutschland",1986-09-14,20.2,13.2,16.2,20.2,13.2,16.3,14.1,87.48,0,,0,,,,,35.3,193.9,1008.3,91.7,11.4,,,,,1986-09-14T07:02:38,1986-09-14T19:47:59,0.42,Overcast,Cloudy skies throughout the day.,cloudy,10400099999
257,"Dortmund, Nordrhein-Westfalen, Deutschland",1986-09-15,12.7,8.4,11.4,12.7,4.8,10.8,10.4,93.55,0,,0,,,,,35.3,45,1009.8,99.6,4.7,,,,,1986-09-15T07:04:14,1986-09-15T19:45:41,0.46,Overcast,Cloudy skies throughout the day.,cloudy,10400099999
258,"Dortmund, Nordrhein-Westfalen, Deutschland",1986-09-16,11.7,7.7,9.4,11.7,4.4,8.3,7.3,86.92,0,,0,,,,,22.3,58.6,1015.6,95.5,14.8,,,,,1986-09-16T07:05:50,1986-09-16T19:43:23,0.48,Overcast,Cloudy skies throughout the day.,cloudy,10400099999
259,"Dortmund, Nordrhein-Westfalen, Deutschland",1986-09-17,10.4,8.7,9.5,10.4,6.5,7.7,7.9,89.48,0,,0,,,,,20.5,32.1,1018,95.4,11.3,,,,,1986-09-17T07:07:26,1986-09-17T19:41:04,0.5,Overcast,Cloudy skies throughout the day.,cloudy,10400099999
260,"Dortmund, Nordrhein-Westfalen, Deutschland",1986-09-18,16.1,7.9,10.6,16.1,6.2,9.8,6.3,76.75,0,,0,,,,,20.5,122.2,1027.5,66.5,28.1,,,,,1986-09-18T07:09:02,1986-09-18T19:38:46,0.5,Partially cloudy,Partly cloudy throughout the day.,partly-cloudy-day,10400099999
261,"Dortmund, Nordrhein-Westfalen, Deutschland",1986-09-19,16.1,2.7,9.4,16.1,0.8,9.3,4.9,76.62,0,,0,,,,,16.6,42.1,1036.8,12.5,28.3,,,,,1986-09-19T07:10:38,1986-09-19T19:36:27,0.51,Clear,Clear conditions throughout the day.,clear-day,10400099999
262,"Dortmund, Nordrhein-Westfalen, Deutschland",1986-09-20,18.9,2.7,10.8,18.9,2.7,10.7,6.1,76.08,0,,0,,,,,7.6,197,1032.5,17.9,13.2,,,,,1986-09-20T07:12:15,1986-09-20T19:34:09,0.53,Clear,Clear conditions throughout the day.,clear-day,10400099999
263,"Dortmund, Nordrhein-Westfalen, Deutschland",1986-09-21,20.1,7.2,12.5,20.1,5,12,7.6,74.17,0,,0,,,,,18.4,198.8,1027.4,39.2,7,,,,,1986-09-21T07:13:51,1986-09-21T19:31:50,0.56,Partially cloudy,Partly cloudy throughout the day.,partly-cloudy-day,10400099999
264,"Dortmund, Nordrhein-Westfalen, Deutschland",1986-09-22,15.2,8.7,12,15.2,6.8,11.6,8.8,81.43,0,,0,,,,,14.8,232.9,1024.1,52.5,3.4,,,,,1986-09-22T07:15:27,1986-09-22T19:29:32,0.59,Partially cloudy,Partly cloudy throughout the day.,partly-cloudy-day,10400099999
265,"Dortmund, Nordrhein-Westfalen, Deutschland",1986-09-23,22.4,12.6,15.9,22.4,12.6,15.9,11.4,75.6,0,,0,,,,,18.4,241.3,1022.6,76.5,4.5,,,,,1986-09-23T07:17:04,1986-09-23T19:27:13,0.63,Partially cloudy,Partly cloudy throughout the day.,partly-cloudy-day,10400099999
266,"Dortmund, Nordrhein-Westfalen, Deutschland",1986-09-24,16.9,11.2,14.5,16.9,11.2,14.6,10.5,77.73,0,,0,,,,,24.1,83.8,1021.7,64.6,14.7,,,,,1986-09-24T07:18:41,1986-09-24T19:24:55,0.68,Partially cloudy,Partly cloudy throughout the day.,partly-cloudy-day,10400099999
267,"Dortmund, Nordrhein-Westfalen, Deutschland",1986-09-25,15.6,5.4,10.5,15.6,4.3,9.7,5.4,73.12,0,,0,,,,,24.1,55.4,1023.2,8.8,28.9,,,,,1986-09-25T07:20:18,1986-09-25T19:22:36,0.72,Clear,Clear conditions throughout the day.,clear-day,10400099999
268,"Dortmund, Nordrhein-Westfalen, Deutschland",1986-09-26,17.1,3.7,10.2,17.1,2.4,10,5.8,76.99,0,,0,,,,,13,32.1,1022.1,28.8,14.3,,,,,1986-09-26T07:21:55,1986-09-26T19:20:18,0.77,Partially cloudy,Partly cloudy throughout the day.,partly-cloudy-day,10400099999
269,"Dortmund, Nordrhein-Westfalen, Deutschland",1986-09-27,18.1,6.1,11.2,18.1,5.5,11.1,7.7,81.22,0,,0,,,,,9.4,187,1023.7,44.2,11.4,,,,,1986-09-27T07:23:32,1986-09-27T19:18:00,0.82,Partially cloudy,Partly cloudy throughout the day.,partly-cloudy-day,10400099999
270,"Dortmund, Nordrhein-Westfalen, Deutschland",1986-09-28,17.7,5.2,10.7,17.7,5.2,10.6,8.5,87.82,0,,0,,,,,7.6,180.5,1030.7,28.4,2.8,,,,,1986-09-28T06:25:10,1986-09-28T18:15:43,0.86,Partially cloudy,Partly cloudy throughout the day.,partly-cloudy-day,10400099999
271,"Dortmund, Nordrhein-Westfalen, Deutschland",1986-09-29,18.1,9.1,13.8,18.1,7.4,13.6,10.9,83.58,0,,0,,,,,13,201.4,1033.2,57.1,3.4,,,,,1986-09-29T06:26:47,1986-09-29T18:13:25,0.91,Partially cloudy,Partly cloudy throughout the day.,partly-cloudy-day,10400099999
272,"Dortmund, Nordrhein-Westfalen, Deutschland",1986-09-30,19.7,12.4,16,19.7,12.4,16,13.2,84.32,0,,0,,,,,14.8,143,1032.3,67.1,6.7,,,,,1986-09-30T06:28:25,1986-09-30T18:11:08,0.94,Partially cloudy,Partly cloudy throughout the day.,partly-cloudy-day,10400099999
273,"Dortmund, Nordrhein-Westfalen, Deutschland",1986-10-01,23.7,7.2,15.1,23.7,7.2,15.1,9,71.94,0,,0,,,,,18.4,155,1024.3,2.9,13.6,,,,,1986-10-01T06:30:03,1986-10-01T18:08:51,0.97,Clear,Clear conditions throughout the day.,clear-day,10400099999
274,"Dortmund, Nordrhein-Westfalen, Deutschland",1986-10-02,16.6,11.4,13.5,16.6,11.4,13.5,11.3,86.6,0,,0,,,,,13,223,1022.9,54.2,4.1,,,,,1986-10-02T06:31:42,1986-10-02T18:06:34,0.99,Partially cloudy,Partly cloudy throughout the day.,partly-cloudy-day,10400099999
275,"Dortmund, Nordrhein-Westfalen, Deutschland",1986-10-03,16.4,8.1,12.1,16.4,8.1,12.2,9.7,85.96,0,,0,,,,,13,265.7,1025.5,35.8,3.8,,,,,1986-10-03T06:33:20,1986-10-03T18:04:18,1,Partially cloudy,Partly cloudy throughout the day.,partly-cloudy-day,10400099999
276,"Dortmund, Nordrhein-Westfalen, Deutschland",1986-10-04,17.7,4.6,11,17.7,3.4,11,7,78.89,0,,0,,,,,16.6,76.2,1025.9,22.1,20.3,,,,,1986-10-04T06:34:59,1986-10-04T18:02:02,0,Partially cloudy,Partly cloudy throughout the day.,partly-cloudy-day,10400099999
277,"Dortmund, Nordrhein-Westfalen, Deutschland",1986-10-05,23.2,5.4,14.5,23.2,5.4,14.4,8.5,70.38,0,,0,,,,,16.6,129.1,1023.7,25,17.1,,,,,1986-10-05T06:36:38,1986-10-05T17:59:47,0.02,Partially cloudy,Partly cloudy throughout the day.,partly-cloudy-day,10400099999
278,"Dortmund, Nordrhein-Westfalen, Deutschland",1986-10-06,18.1,12.7,15.9,18.1,12.7,16,13.3,84.32,0,,0,,,,,18.4,255,1025.1,89.6,5.7,,,,,1986-10-06T06:38:17,1986-10-06T17:57:32,0.05,Partially cloudy,Partly cloudy throughout the day.,partly-cloudy-day,10400099999
279,"Dortmund, Nordrhein-Westfalen, Deutschland",1986-10-07,18.9,11.9,15.3,18.9,11.9,15.4,11.3,78.41,0,,0,,,,,18.4,219.6,1025.6,75.4,7.7,,,,,1986-10-07T06:39:57,1986-10-07T17:55:17,0.09,Partially cloudy,Partly cloudy throughout the day.,partly-cloudy-day,10400099999
280,"Dortmund, Nordrhein-Westfalen, Deutschland",1986-10-08,17.4,8.9,14,17.4,8.3,14.1,11.5,85.13,0,,0,,,,,18.4,208.3,1024.3,54.6,7.7,,,,,1986-10-08T06:41:37,1986-10-08T17:53:03,0.14,Partially cloudy,Partly cloudy throughout the day.,partly-cloudy-day,10400099999
281,"Dortmund, Nordrhein-Westfalen, Deutschland",1986-10-09,20.2,8.7,14.6,20.2,8.3,14.6,10.1,75.68,0,,0,,,,,16.6,179.6,1021.7,54.2,9.4,,,,,1986-10-09T06:43:17,1986-10-09T17:50:50,0.19,Partially cloudy,Partly cloudy throughout the day.,partly-cloudy-day,10400099999
282,"Dortmund, Nordrhein-Westfalen, Deutschland",1986-10-10,20.2,10.9,14.9,20.2,10.9,14.9,9.3,71.31,0,,0,,,,,22.3,170,1017.7,18.3,9.4,,,,,1986-10-10T06:44:57,1986-10-10T17:48:37,0.25,Clear,Clear conditions throughout the day.,clear-day,10400099999
283,"Dortmund, Nordrhein-Westfalen, Deutschland",1986-10-11,17.4,12.4,14.2,17.4,12.4,14.3,11.2,83.08,0,,0,,,,,14.8,231.3,1022.9,85.8,4.6,,,,,1986-10-11T06:46:38,1986-10-11T17:46:25,0.3,Partially cloudy,Partly cloudy throughout the day.,partly-cloudy-day,10400099999
284,"Dortmund, Nordrhein-Westfalen, Deutschland",1986-10-12,19.7,11.7,14.9,19.7,11.7,15,10.4,76.56,0,,0,,,,,18.4,111.7,1026.7,45,6.2,,,,,1986-10-12T06:48:19,1986-10-12T17:44:14,0.36,Partially cloudy,Partly cloudy throughout the day.,partly-cloudy-day,10400099999
285,"Dortmund, Nordrhein-Westfalen, Deutschland",1986-10-13,19.7,7.9,14.4,19.7,7.2,14.4,9.2,72.51,0,,0,,,,,18.4,142.6,1023.1,20,6.5,,,,,1986-10-13T06:50:00,1986-10-13T17:42:03,0.4,Clear,Partly cloudy throughout the day.,clear-day,10400099999
286,"Dortmund, Nordrhein-Westfalen, Deutschland",1986-10-14,22.9,14.9,18.4,22.9,14.9,18.5,11.2,63.48,0,,0,,,,,25.9,160,1020.6,55.4,8.8,,,,,1986-10-14T06:51:42,1986-10-14T17:39:53,0.44,Partially cloudy,Partly cloudy throughout the day.,partly-cloudy-day,10400099999
287,"Dortmund, Nordrhein-Westfalen, Deutschland",1986-10-15,21.9,16.4,18.5,21.9,16.4,18.6,14,75.7,0,,0,,,,,16.6,180,1020.9,80.4,10.6,,,,,1986-10-15T06:53:24,1986-10-15T17:37:44,0.47,Partially cloudy,Partly cloudy throughout the day.,partly-cloudy-day,10400099999
288,"Dortmund, Nordrhein-Westfalen, Deutschland",1986-10-16,16.7,12.2,14.5,16.7,12.2,14.6,13.8,95.27,0,,0,,,,,18.4,177.5,1026,79.2,4.5,,,,,1986-10-16T06:55:06,1986-10-16T17:35:35,0.49,Partially cloudy,Partly cloudy throughout the day.,partly-cloudy-day,10400099999
289,"Dortmund, Nordrhein-Westfalen, Deutschland",1986-10-17,15.2,9.4,12,15.2,7.4,11.7,9.3,83.47,0,,0,,,,,13,62.9,1026.7,75,10.5,,,,,1986-10-17T06:56:49,1986-10-17T17:33:28,0.5,Partially cloudy,Partly cloudy throughout the day.,partly-cloudy-day,10400099999
290,"Dortmund, Nordrhein-Westfalen, Deutschland",1986-10-18,15.1,8.7,11.9,15.1,8.7,12,8.5,80.53,0,,0,,,,,29.5,151.7,1014.3,46.3,5.5,,,,,1986-10-18T06:58:32,1986-10-18T17:31:21,0.5,Partially cloudy,Becoming cloudy in the afternoon.,partly-cloudy-day,10400099999
291,"Dortmund, Nordrhein-Westfalen, Deutschland",1986-10-19,14.1,7.6,11.6,14.1,4.7,11,7.2,75.43,0,,0,,,,,33.5,217.9,1000.3,77.1,21,,,,,1986-10-19T07:00:15,1986-10-19T17:29:15,0.52,Partially cloudy,Partly cloudy throughout the day.,partly-cloudy-day,10400099999
292,"Dortmund, Nordrhein-Westfalen, Deutschland",1986-10-20,15.7,6.2,9.7,15.7,1.8,7.2,6.8,81.92,0,,0,,,,,57.2,226.3,995.5,76.3,23.3,,,,,1986-10-20T07:01:59,1986-10-20T17:27:10,0.53,Partially cloudy,Partly cloudy throughout the day.,wind,10400099999
293,"Dortmund, Nordrhein-Westfalen, Deutschland",1986-10-21,11.6,6.4,8.9,11.6,2.7,6.5,6,82.34,0,,0,,,,,33.5,229.1,1006,75.7,21.2,,,,,1986-10-21T07:03:43,1986-10-21T17:25:06,0.56,Partially cloudy,Partly cloudy throughout the day.,partly-cloudy-day,10400099999
294,"Dortmund, Nordrhein-Westfalen, Deutschland",1986-10-22,14.9,10.2,12.5,14.9,10.2,12.5,11.6,94.51,0,,0,,,,,37.1,237.5,993.9,98,10.5,,,,,1986-10-22T07:05:27,1986-10-22T17:23:04,0.6,Overcast,Cloudy skies throughout the day.,cloudy,10400099999
295,"Dortmund, Nordrhein-Westfalen, Deutschland",1986-10-23,10.1,5.6,7.7,10.1,0.6,4.4,4.8,82.25,0,,0,,,,,37.1,256.3,999.9,55,45.8,,,,,1986-10-23T07:07:11,1986-10-23T17:21:02,0.64,Partially cloudy,Partly cloudy throughout the day.,partly-cloudy-day,10400099999
296,"Dortmund, Nordrhein-Westfalen, Deutschland",1986-10-24,12.7,5.1,8.2,12.7,1.4,5.9,3.2,71.77,0,,0,,,,,29.5,218.3,1012.8,54.6,35.3,,,,,1986-10-24T07:08:56,1986-10-24T17:19:01,0.69,Partially cloudy,Partly cloudy throughout the day.,partly-cloudy-day,10400099999
297,"Dortmund, Nordrhein-Westfalen, Deutschland",1986-10-25,13.7,7.6,10.1,13.7,3.6,8,5.6,74.22,0,,0,,,,,31.3,188.3,1001.4,87.9,33,,,,,1986-10-25T07:10:41,1986-10-25T17:17:02,0.73,Partially cloudy,Partly cloudy throughout the day.,partly-cloudy-day,10400099999
298,"Dortmund, Nordrhein-Westfalen, Deutschland",1986-10-26,10.1,7.4,8.7,10.1,4.1,6.1,5.5,80.35,0,,0,,,,,29.5,250.4,1016.5,82.9,31.7,,,,,1986-10-26T07:12:26,1986-10-26T17:15:04,0.78,Partially cloudy,Partly cloudy throughout the day.,partly-cloudy-day,10400099999
299,"Dortmund, Nordrhein-Westfalen, Deutschland",1986-10-27,13.2,6.6,9.4,13.2,4.4,8.4,3.7,68.46,0,,0,,,,,24.1,195,1027.9,62.5,33.5,,,,,1986-10-27T07:14:11,1986-10-27T17:13:07,0.83,Partially cloudy,Partly cloudy throughout the day.,partly-cloudy-day,10400099999
300,"Dortmund, Nordrhein-Westfalen, Deutschland",1986-10-28,11.1,8.2,9.6,11.1,4.5,8,8.2,91.08,0,,0,,,,,27.7,162.5,1021.3,100,9,,,,,1986-10-28T07:15:57,1986-10-28T17:11:12,0.88,Overcast,Cloudy skies throughout the day.,cloudy,10400099999
301,"Dortmund, Nordrhein-Westfalen, Deutschland",1986-10-29,13.1,6.4,10.8,13.1,4.1,10.4,6.8,77.41,0,,0,,,,,24.1,238.7,1020.6,59.1,31.5,,,,,1986-10-29T07:17:42,1986-10-29T17:09:17,0.92,Partially cloudy,Partly cloudy throughout the day.,partly-cloudy-day,10400099999
302,"Dortmund, Nordrhein-Westfalen, Deutschland",1986-10-30,13.2,4.4,8,13.2,0.5,5.7,3,72.12,0,,0,,,,,25.9,174.2,1022.5,49.6,28.4,,,,,1986-10-30T07:19:28,1986-10-30T17:07:25,0.96,Partially cloudy,Partly cloudy throughout the day.,partly-cloudy-day,10400099999
303,"Dortmund, Nordrhein-Westfalen, Deutschland",1986-10-31,12.1,7.9,10.2,12.1,5.1,8.9,6.9,80.61,0,,0,,,,,27.7,225.4,1016.7,94.2,22.8,,,,,1986-10-31T07:21:14,1986-10-31T17:05:33,0.98,Overcast,Cloudy skies throughout the day.,cloudy,10400099999
304,"Dortmund, Nordrhein-Westfalen, Deutschland",1986-11-01,13.6,7.7,11.3,13.6,3.7,10.6,9.3,87.91,0,,0,,,,,31.3,210,1007.6,89.6,16.4,,,,,1986-11-01T07:23:01,1986-11-01T17:03:44,1,Partially cloudy,Partly cloudy throughout the day.,partly-cloudy-day,10400099999
305,"Dortmund, Nordrhein-Westfalen, Deutschland",1986-11-02,11.1,5.1,7.8,11.1,2.2,5.2,3.8,76.36,0,,0,,,,,27.7,301.3,1019.3,57.5,31.4,,,,,1986-11-02T07:24:47,1986-11-02T17:01:55,0,Partially cloudy,Partly cloudy throughout the day.,partly-cloudy-day,10400099999
306,"Dortmund, Nordrhein-Westfalen, Deutschland",1986-11-03,9.2,5.2,7.1,7.8,4,5.8,2.8,75.77,0,,0,,,,,16.6,251.4,1030,86.7,25,,,,,1986-11-03T07:26:33,1986-11-03T17:00:09,0.01,Partially cloudy,Partly cloudy throughout the day.,partly-cloudy-day,10400099999
307,"Dortmund, Nordrhein-Westfalen, Deutschland",1986-11-04,9.4,5.9,7.3,8,2.8,5.2,5.6,89,0,,0,,,,,16.6,243.3,1030.1,90.8,9.1,,,,,1986-11-04T07:28:19,1986-11-04T16:58:24,0.04,Overcast,Cloudy skies throughout the day.,cloudy,10400099999
308,"Dortmund, Nordrhein-Westfalen, Deutschland",1986-11-05,9.7,5.4,7.9,6.6,3.2,4.9,5,82.28,0,,0,,,,,29.5,232.1,1026.2,93.3,8.5,,,,,1986-11-05T07:30:06,1986-11-05T16:56:40,0.07,Overcast,Cloudy skies throughout the day.,cloudy,10400099999
309,"Dortmund, Nordrhein-Westfalen, Deutschland",1986-11-06,10.9,3.4,8.8,10.9,0.9,7.6,5.9,82.86,0,,0,,,,,27.7,275,1027.6,62.5,22.8,,,,,1986-11-06T07:31:52,1986-11-06T16:54:59,0.12,Partially cloudy,Partly cloudy throughout the day.,partly-cloudy-day,10400099999
310,"Dortmund, Nordrhein-Westfalen, Deutschland",1986-11-07,10.2,3.2,6.2,10.2,-0.8,3.9,3.5,83.47,0,,0,,,,,24.1,182.1,1027.1,50.8,17.9,,,,,1986-11-07T07:33:38,1986-11-07T16:53:19,0.17,Partially cloudy,Partly cloudy throughout the day.,partly-cloudy-day,10400099999
311,"Dortmund, Nordrhein-Westfalen, Deutschland",1986-11-08,9.1,4.1,5.7,5.8,0,1.9,3.2,84.35,0,,0,,,,,38.9,203.3,1015.4,66.7,13.8,,,,,1986-11-08T07:35:24,1986-11-08T16:51:41,0.23,Partially cloudy,Partly cloudy throughout the day.,partly-cloudy-day,10400099999
312,"Dortmund, Nordrhein-Westfalen, Deutschland",1986-11-09,8.2,2.6,5.5,5.4,-1.2,2.1,1.5,76.02,0,,0,,,,,25.9,177.5,1021.7,63.3,27.5,,,,,1986-11-09T07:37:10,1986-11-09T16:50:05,0.28,Partially cloudy,Partly cloudy throughout the day.,partly-cloudy-day,10400099999
313,"Dortmund, Nordrhein-Westfalen, Deutschland",1986-11-10,14.4,5.9,10,14.4,2.1,8.3,5.2,72.32,0,,0,,,,,25.9,172.9,1017.1,68.8,23,,,,,1986-11-10T07:38:56,1986-11-10T16:48:31,0.34,Partially cloudy,Partly cloudy throughout the day.,partly-cloudy-day,10400099999
314,"Dortmund, Nordrhein-Westfalen, Deutschland",1986-11-11,16.1,10.4,13.2,16.1,10.4,13.2,7.5,68.66,0,,0,,,,,29.5,168.3,1017.8,51.3,14.8,,,,,1986-11-11T07:40:41,1986-11-11T16:46:59,0.38,Partially cloudy,Clearing in the afternoon.,partly-cloudy-day,10400099999
315,"Dortmund, Nordrhein-Westfalen, Deutschland",1986-11-12,13.2,8.7,10.8,13.2,7.2,10.7,8.1,84.03,0,,0,,,,,20.5,217.4,1023.5,62.1,20.6,,,,,1986-11-12T07:42:26,1986-11-12T16:45:29,0.42,Partially cloudy,Partly cloudy throughout the day.,partly-cloudy-day,10400099999
316,"Dortmund, Nordrhein-Westfalen, Deutschland",1986-11-13,16.4,10.4,12.9,16.4,10.4,12.9,5.2,60.76,0,,0,,,,,33.5,157.9,1017.8,30.4,20.3,,,,,1986-11-13T07:44:11,1986-11-13T16:44:01,0.46,Partially cloudy,Partly cloudy throughout the day.,partly-cloudy-day,10400099999
317,"Dortmund, Nordrhein-Westfalen, Deutschland",1986-11-14,15.7,11.2,13,15.7,11.2,13,6.8,66.32,0,,0,,,,,31.3,162.5,1011.5,49.2,25.8,,,,,1986-11-14T07:45:55,1986-11-14T16:42:35,0.48,Partially cloudy,Clearing in the afternoon.,partly-cloudy-day,10400099999
318,"Dortmund, Nordrhein-Westfalen, Deutschland",1986-11-15,16.2,10.1,12.9,16.2,10.1,12.9,6.5,66.4,0,,0,,,,,31.3,190,1014.1,71.7,20,,,,,1986-11-15T07:47:38,1986-11-15T16:41:12,0.5,Partially cloudy,Partly cloudy throughout the day.,partly-cloudy-day,10400099999
319,"Dortmund, Nordrhein-Westfalen, Deutschland",1986-11-16,12.9,8.1,10.4,12.9,5.8,9.8,8.8,89.75,0,,0,,,,,14.8,184.2,1022.5,63.3,10.9,,,,,1986-11-16T07:49:21,1986-11-16T16:39:51,0.5,Partially cloudy,Partly cloudy throughout the day.,partly-cloudy-day,10400099999
320,"Dortmund, Nordrhein-Westfalen, Deutschland",1986-11-17,12.6,8.2,11.2,12.6,4.7,10.5,7.7,79.06,0,,0,,,,,24.1,202.4,1021.1,70.5,23.8,,,,,1986-11-17T07:51:04,1986-11-17T16:38:32,0.51,Partially cloudy,Partly cloudy throughout the day.,partly-cloudy-day,10400099999
321,"Dortmund, Nordrhein-Westfalen, Deutschland",1986-11-18,16.2,7.1,9.2,16.2,3.4,7.3,4.7,74.14,0,,0,,,,,46.4,198.7,1021.5,50.9,35.4,,,,,1986-11-18T07:52:46,1986-11-18T16:37:16,0.52,Partially cloudy,Partly cloudy throughout the day.,partly-cloudy-day,10400099999
322,"Dortmund, Nordrhein-Westfalen, Deutschland",1986-11-19,11.9,10.2,11.3,11.9,10.2,11.4,8.6,83.74,0,,0,,,,,38.9,210.4,1013,95.4,25.6,,,,,1986-11-19T07:54:26,1986-11-19T16:36:02,0.54,Overcast,Cloudy skies throughout the day.,cloudy,10400099999
323,"Dortmund, Nordrhein-Westfalen, Deutschland",1986-11-20,11.4,4.9,8.3,11.4,1.9,6.5,6.5,88.85,0,,0,,,,,25.9,235.4,1012.8,81.3,17.5,,,,,1986-11-20T07:56:07,1986-11-20T16:34:50,0.57,Partially cloudy,Partly cloudy throughout the day.,partly-cloudy-day,10400099999
324,"Dortmund, Nordrhein-Westfalen, Deutschland",1986-11-21,6.9,3.4,5.3,3.2,-0.9,1.1,2.7,84.06,0,,0,,,,,35.3,164.6,1010.6,67.9,15.5,,,,,1986-11-21T07:57:46,1986-11-21T16:33:41,0.61,Partially cloudy,Partly cloudy throughout the day.,partly-cloudy-day,10400099999
325,"Dortmund, Nordrhein-Westfalen, Deutschland",1986-11-22,10.7,5.1,7.8,10.7,0.9,5.1,4.9,82.25,0,,0,,,,,27.7,193.3,1000.5,87.1,20.4,,,,,1986-11-22T07:59:24,1986-11-22T16:32:35,0.65,Partially cloudy,Partly cloudy throughout the day.,partly-cloudy-day,10400099999
326,"Dortmund, Nordrhein-Westfalen, Deutschland",1986-11-23,7.9,5.7,6.8,4.3,1,3.1,3.2,78.74,0,,0,,,,,35.3,205.4,999.1,89.2,38,,,,,1986-11-23T08:01:01,1986-11-23T16:31:32,0.7,Partially cloudy,Partly cloudy throughout the day.,partly-cloudy-day,10400099999
327,"Dortmund, Nordrhein-Westfalen, Deutschland",1986-11-24,9.2,6.6,7.9,6.3,2.6,4.3,5,82.58,0,,0,,,,,35.3,206.3,1010.7,85.8,22.9,,,,,1986-11-24T08:02:37,1986-11-24T16:30:31,0.74,Partially cloudy,Partly cloudy throughout the day.,partly-cloudy-day,10400099999
328,"Dortmund, Nordrhein-Westfalen, Deutschland",1986-11-25,12.7,10.9,12,12.7,10.9,12,8.9,81.52,0,,0,,,,,29.5,213,1018.9,96.5,32.4,,,,,1986-11-25T08:04:12,1986-11-25T16:29:33,0.79,Overcast,Cloudy skies throughout the day.,cloudy,10400099999
329,"Dortmund, Nordrhein-Westfalen, Deutschland",1986-11-26,12.2,6.4,10.4,12.2,3,9.6,7,79.66,0,,0,,,,,25.9,203.2,1019.5,72.3,27.7,,,,,1986-11-26T08:05:45,1986-11-26T16:28:38,0.84,Partially cloudy,Partly cloudy throughout the day.,partly-cloudy-day,10400099999
330,"Dortmund, Nordrhein-Westfalen, Deutschland",1986-11-27,9.6,4.7,6.7,7.4,1.4,4,4.4,85.52,0,,0,,,,,22.3,221.7,1034.9,35.7,24.3,,,,,1986-11-27T08:07:17,1986-11-27T16:27:45,0.89,Partially cloudy,Partly cloudy throughout the day.,partly-cloudy-day,10400099999
331,"Dortmund, Nordrhein-Westfalen, Deutschland",1986-11-28,8.4,3.4,5.4,6.5,-0.2,2.6,1.7,77.62,0,,0,,,,,18.4,157.5,1038.1,23.3,17.1,,,,,1986-11-28T08:08:48,1986-11-28T16:26:56,0.94,Partially cloudy,Clearing in the afternoon.,partly-cloudy-day,10400099999
332,"Dortmund, Nordrhein-Westfalen, Deutschland",1986-11-29,9.4,0.4,3.9,9.4,-2.2,1.5,-0.8,72.38,0,,0,,,,,20.5,168.6,1032.9,11.3,20.2,,,,,1986-11-29T08:10:17,1986-11-29T16:26:09,0.97,Clear,Clear conditions throughout the day.,clear-day,10400099999
333,"Dortmund, Nordrhein-Westfalen, Deutschland",1986-11-30,7.4,0.2,3.3,5,-3.3,0.1,-0.8,74.91,0,,0,,,,,20.5,167.4,1031.6,7.4,18,,,,,1986-11-30T08:11:44,1986-11-30T16:25:26,0.99,Clear,Clear conditions throughout the day.,clear-day,10400099999
334,"Dortmund, Nordrhein-Westfalen, Deutschland",1986-12-01,3.2,-0.8,1,-1,-5.4,-3.6,-0.8,88.1,0,,0,,,,,25.9,193.3,1027.9,67.5,7.6,,,,,1986-12-01T08:13:09,1986-12-01T16:24:46,1,Partially cloudy,Partly cloudy throughout the day.,partly-cloudy-day,10400099999
335,"Dortmund, Nordrhein-Westfalen, Deutschland",1986-12-02,9.1,2.6,7.1,6.6,-1.5,4.3,6.2,94.54,0,,0,,,,,20.5,220,1028,99.5,4.9,,,,,1986-12-02T08:14:33,1986-12-02T16:24:08,0,Overcast,Cloudy skies throughout the day.,cloudy,10400099999
336,"Dortmund, Nordrhein-Westfalen, Deutschland",1986-12-03,12.4,5.7,8.1,12.4,2.2,5.8,4.5,79.31,0,,0,,,,,25.9,175,1028.1,16.7,13.7,,,,,1986-12-03T08:15:55,1986-12-03T16:23:34,0.02,Clear,Clear conditions throughout the day.,clear-day,10400099999
337,"Dortmund, Nordrhein-Westfalen, Deutschland",1986-12-04,12.2,5.6,8.6,12.2,1.7,6.5,3.9,72.64,0,,0,,,,,25.9,175.4,1027.2,45,16.8,,,,,1986-12-04T08:17:15,1986-12-04T16:23:03,0.06,Partially cloudy,Partly cloudy throughout the day.,partly-cloudy-day,10400099999
338,"Dortmund, Nordrhein-Westfalen, Deutschland",1986-12-05,12.2,5.2,8.5,12.2,1.5,6.1,2.6,66.47,0,,0,,,,,33.5,168.3,1023.2,25.4,19.2,,,,,1986-12-05T08:18:33,1986-12-05T16:22:36,0.1,Partially cloudy,Partly cloudy throughout the day.,partly-cloudy-day,10400099999
339,"Dortmund, Nordrhein-Westfalen, Deutschland",1986-12-06,10.6,0.7,6,10.6,-1.6,4.7,4.5,89.26,0,,0,,,,,29.5,243.3,1018.9,78.7,10.3,,,,,1986-12-06T08:19:48,1986-12-06T16:22:11,0.15,Partially cloudy,Partly cloudy throughout the day.,partly-cloudy-day,10400099999
340,"Dortmund, Nordrhein-Westfalen, Deutschland",1986-12-07,8.4,-0.8,3.5,5.3,-5.7,0.8,2.1,91.51,0,,0,,,,,29.5,138.3,1020.4,57.9,6.6,,,,,1986-12-07T08:21:01,1986-12-07T16:21:50,0.2,Partially cloudy,Partly cloudy throughout the day.,partly-cloudy-day,10400099999
341,"Dortmund, Nordrhein-Westfalen, Deutschland",1986-12-08,13.7,8.4,11.2,13.7,4.8,10.4,7.2,76.92,0,,0,,,,,29.5,153.8,1015.1,40.4,18,,,,,1986-12-08T08:22:12,1986-12-08T16:21:33,0.26,Partially cloudy,Clearing in the afternoon.,partly-cloudy-day,10400099999
342,"Dortmund, Nordrhein-Westfalen, Deutschland",1986-12-09,11.1,6.4,9.4,11.1,3.7,8,5.3,75.73,0,,0,,,211,,29.5,195.9,1016.6,49.1,26.5,,,,,1986-12-09T08:23:21,1986-12-09T16:21:18,0.31,Partially cloudy,Partly cloudy throughout the day.,partly-cloudy-day,10400099999
343,"Dortmund, Nordrhein-Westfalen, Deutschland",1986-12-10,6.7,3.4,5,4.4,-0.8,1.8,1.8,79.82,0,,0,,,,,20.5,193.3,1030.6,57.9,19.6,,,,,1986-12-10T08:24:27,1986-12-10T16:21:07,0.36,Partially cloudy,Partly cloudy throughout the day.,partly-cloudy-day,10400099999
344,"Dortmund, Nordrhein-Westfalen, Deutschland",1986-12-11,6.2,1.1,3.4,2.7,-1.7,0.2,1.1,85.16,0,,0,,,,,22.3,158.8,1032.1,64.6,13,,,,,1986-12-11T08:25:31,1986-12-11T16:20:59,0.4,Partially cloudy,Partly cloudy throughout the day.,partly-cloudy-day,10400099999
345,"Dortmund, Nordrhein-Westfalen, Deutschland",1986-12-12,4.1,2.4,3.3,0.7,-2.5,-0.9,1.2,86.12,0,,0,,,,,24.1,160.9,1026.9,96.4,14.3,,,,,1986-12-12T08:26:31,1986-12-12T16:20:55,0.44,Overcast,Cloudy skies throughout the day.,cloudy,10400099999
346,"Dortmund, Nordrhein-Westfalen, Deutschland",1986-12-13,4.9,2.9,3.4,1.6,-3.2,-1.5,0.9,84.2,0,,0,,,,,35.3,157.4,1012,83.9,14.3,,,,,1986-12-13T08:27:29,1986-12-13T16:20:54,0.47,Partially cloudy,Partly cloudy throughout the day.,partly-cloudy-day,10400099999
347,"Dortmund, Nordrhein-Westfalen, Deutschland",1986-12-14,6.7,3.2,4.7,4.1,-0.5,2,3.1,89.71,0,,0,,,,,18.4,197.9,1013.2,85.8,17.1,,,,,1986-12-14T08:28:25,1986-12-14T16:20:57,0.49,Partially cloudy,Partly cloudy throughout the day.,partly-cloudy-day,10400099999
348,"Dortmund, Nordrhein-Westfalen, Deutschland",1986-12-15,3.9,1.6,2.7,2.1,-3.7,-1.2,0.9,88.41,0,,0,,,,,37.1,213,1013.6,96.5,9.1,,,,,1986-12-15T08:29:17,1986-12-15T16:21:03,0.5,Overcast,Cloudy skies throughout the day.,cloudy,10400099999
349,"Dortmund, Nordrhein-Westfalen, Deutschland",1986-12-16,6.4,3.2,4.6,2.1,-2,-0.1,2.4,86,0,,0,,,,,42.5,237.6,1004.5,82.4,27.5,,,,,1986-12-16T08:30:07,1986-12-16T16:21:12,0.5,Partially cloudy,Partly cloudy throughout the day.,partly-cloudy-day,10400099999
350,"Dortmund, Nordrhein-Westfalen, Deutschland",1986-12-17,7.6,2.9,5,3.8,-1.2,1,2.9,86.08,0,,0,,,,,29.5,237,1014.6,88.3,22.9,,,,,1986-12-17T08:30:53,1986-12-17T16:21:25,0.51,Partially cloudy,Partly cloudy throughout the day.,partly-cloudy-day,10400099999
351,"Dortmund, Nordrhein-Westfalen, Deutschland",1986-12-18,9.9,5.9,7.7,6.6,1.2,4.1,5.5,85.92,0,,0,,,,,31.3,224.3,1002.8,97.8,22.8,,,,,1986-12-18T08:31:37,1986-12-18T16:21:42,0.53,Overcast,Cloudy skies throughout the day.,cloudy,10400099999
352,"Dortmund, Nordrhein-Westfalen, Deutschland",1986-12-19,10.9,1.9,3.9,10.9,-4.3,-1.4,1,82.46,0,,0,,,,,53.6,264.6,996.8,82.1,25.8,,,,,1986-12-19T08:32:17,1986-12-19T16:22:01,0.54,Partially cloudy,Partly cloudy throughout the day.,wind,10400099999
353,"Dortmund, Nordrhein-Westfalen, Deutschland",1986-12-20,4.1,0.7,2.3,0.1,-4.8,-2.5,1.1,91.75,0,,0,,,,,40.7,252.9,1007,77.9,16.1,,,,,1986-12-20T08:32:55,1986-12-20T16:22:24,0.58,Partially cloudy,Partly cloudy throughout the day.,partly-cloudy-day,10400099999
354,"Dortmund, Nordrhein-Westfalen, Deutschland",1986-12-21,4.6,-0.8,1.9,0.5,-5.7,-2.7,0.4,90.05,0,,0,,,,,27.7,267.9,1007.5,81.3,13.2,,,,,1986-12-21T08:33:29,1986-12-21T16:22:51,0.62,Partially cloudy,Partly cloudy throughout the day.,partly-cloudy-day,10400099999
355,"Dortmund, Nordrhein-Westfalen, Deutschland",1986-12-22,0.1,-5.4,-2,-2.9,-8.9,-5.5,-3.1,92.37,0,,0,,,3,,16.6,273,1015.7,67.5,8.5,,,,,1986-12-22T08:34:00,1986-12-22T16:23:20,0.66,Partially cloudy,Partly cloudy throughout the day.,partly-cloudy-day,10400099999
356,"Dortmund, Nordrhein-Westfalen, Deutschland",1986-12-23,0.7,-1.8,-0.3,-2.7,-5.8,-3.9,-2.3,86.67,0,,0,,,3,,16.6,314.2,1020.8,82.5,17.4,,,,,1986-12-23T08:34:27,1986-12-23T16:23:53,0.71,Partially cloudy,Partly cloudy throughout the day.,partly-cloudy-day,10400099999
357,"Dortmund, Nordrhein-Westfalen, Deutschland",1986-12-24,-0.3,-5.3,-2.4,-0.6,-8.8,-4,-4.1,87.84,0,,0,,,3,,13,218.4,1031.5,37.4,9.6,,,,,1986-12-24T08:34:52,1986-12-24T16:24:30,0.76,Partially cloudy,Clearing in the afternoon.,partly-cloudy-day,10400099999
358,"Dortmund, Nordrhein-Westfalen, Deutschland",1986-12-25,-0.1,-5.1,-2.5,-5.7,-12.1,-8.7,-3.7,92.12,0,,0,,,2,,31.3,159.2,1021.9,86.7,5.1,,,,,1986-12-25T08:35:13,1986-12-25T16:25:09,0.81,Partially cloudy,Partly cloudy throughout the day.,partly-cloudy-day,10400099999
359,"Dortmund, Nordrhein-Westfalen, Deutschland",1986-12-26,2.2,-0.1,1,-0.8,-5.2,-2.3,0.5,96.38,0,,0,,,6,,18.4,222.1,1010.5,76.3,7.2,,,,,1986-12-26T08:35:31,1986-12-26T16:25:52,0.87,Partially cloudy,Partly cloudy throughout the day.,partly-cloudy-day,10400099999
360,"Dortmund, Nordrhein-Westfalen, Deutschland",1986-12-27,3.1,1.7,2.4,-1.4,-3.2,-2.2,0.9,89.86,0,,0,,,3,,25.9,257.3,1014,79.1,17,,,,,1986-12-27T08:35:45,1986-12-27T16:26:38,0.91,Partially cloudy,Partly cloudy throughout the day.,partly-cloudy-day,10400099999
361,"Dortmund, Nordrhein-Westfalen, Deutschland",1986-12-28,8.6,2.9,5.1,4.3,-1.7,0.8,3.8,91.52,0,,0,,,,,35.3,253.9,1015.3,100,13,,,,,1986-12-28T08:35:56,1986-12-28T16:27:27,0.95,Overcast,Cloudy skies throughout the day.,cloudy,10400099999
362,"Dortmund, Nordrhein-Westfalen, Deutschland",1986-12-29,9.9,8.4,9,6,4.2,5.2,6.6,85.14,0,,0,,,,,38.9,254.6,1011,94.6,24,,,,,1986-12-29T08:36:04,1986-12-29T16:28:18,0.98,Overcast,Cloudy skies throughout the day.,cloudy,10400099999
363,"Dortmund, Nordrhein-Westfalen, Deutschland",1986-12-30,9.7,8.4,8.9,5.9,4.3,5,7.5,91.34,0,,0,,,,,40.7,237,1007.9,99.1,13.7,,,,,1986-12-30T08:36:08,1986-12-30T16:29:13,1,Overcast,Cloudy skies throughout the day.,cloudy,10400099999
364,"Dortmund, Nordrhein-Westfalen, Deutschland",1986-12-31,9.7,7.4,8.3,5.8,2.7,4.3,5.8,84.11,0,,0,,,,,37.1,248,1004.1,86.5,18.8,,,,,1986-12-31T08:36:09,1986-12-31T16:30:11,0,Partially cloudy,Partly cloudy throughout the day.,partly-cloudy-day,10400099999
